-- phpMyAdmin SQL Dump
-- version 4.9.5deb2
-- https://www.phpmyadmin.net/
--
-- Hôte : localhost:3306
-- Généré le : mar. 15 fév. 2022 à 16:54
-- Version du serveur :  8.0.28-0ubuntu0.20.04.3
-- Version de PHP : 7.4.3

SET SQL_MODE = "NO_AUTO_VALUE_ON_ZERO";
SET AUTOCOMMIT = 0;
START TRANSACTION;
SET time_zone = "+00:00";


/*!40101 SET @OLD_CHARACTER_SET_CLIENT=@@CHARACTER_SET_CLIENT */;
/*!40101 SET @OLD_CHARACTER_SET_RESULTS=@@CHARACTER_SET_RESULTS */;
/*!40101 SET @OLD_COLLATION_CONNECTION=@@COLLATION_CONNECTION */;
/*!40101 SET NAMES utf8mb4 */;

--
-- Base de données : `trombinoscope`
--

-- --------------------------------------------------------

--
-- Structure de la table `genres`
--

CREATE TABLE `genres` (
  `id_genre` int NOT NULL,
  `genre` varchar(50) DEFAULT NULL
) ENGINE=InnoDB DEFAULT CHARSET=utf8mb4 COLLATE=utf8mb4_0900_ai_ci;

--
-- Déchargement des données de la table `genres`
--

INSERT INTO `genres` (`id_genre`, `genre`) VALUES
(1, 'monsieur'),
(2, 'madame');

-- --------------------------------------------------------

--
-- Structure de la table `personnes`
--

CREATE TABLE `personnes` (
  `id_personne` int NOT NULL,
  `nom` varchar(50) DEFAULT NULL,
  `prenom` varchar(50) DEFAULT NULL,
  `photo` varchar(255) DEFAULT NULL,
  `id_genre` int DEFAULT NULL,
  `id_statut` int DEFAULT NULL
) ENGINE=InnoDB DEFAULT CHARSET=utf8mb4 COLLATE=utf8mb4_0900_ai_ci;

--
-- Déchargement des données de la table `personnes`
--

INSERT INTO `personnes` (`id_personne`, `nom`, `prenom`, `photo`, `id_genre`, `id_statut`) VALUES
(1, 'adam', 'thierry', 'thierry', 1, 1),
(2, 'borel', 'bertrand', 'bertrand', 1, 1),
(3, 'boucly', 'kévin', 'kevin', 1, 1),
(4, 'corlay', 'morgan', 'morgan', 1, 1),
(5, 'coroller', 'loïc', 'loicc', 1, 1),
(6, 'de sousa lustosa silva', 'lucas', 'lucas', 1, 1),
(7, 'faudeil', 'nathan', 'yncrea', 1, 1),
(8, 'gavancha cassiano', 'fabio', 'fabio', 1, 1),
(9, 'guichoux', 'quentin', 'quantin', 1, 1),
(10, 'heller', 'romain', 'romain', 1, 1),
(11, 'ikheneche', 'nacira', 'nacira', 2, 1),
(12, 'lannurien', 'victor', 'victor', 1, 1),
(13, 'laxalde', 'ewen', 'ewen', 1, 1),
(14, 'le dem', 'maïna', 'maina', 2, 1),
(15, 'lepelley', 'perrine', 'perrine', 2, 1),
(16, 'le roch', 'gwenn', 'gwenn', 1, 1),
(17, 'nafoussi', 'hichem', 'hichem', 1, 1),
(18, 'penfeunteun', 'sylvia', 'sylvia', 2, 1),
(19, 'plessis', 'loïc', 'loicp', 1, 1),
(20, 'poirier', 'hervé', 'herve', 1, 1),
(21, 'sanchez', 'pauline', 'pauline', 2, 1),
(22, 'ciceron', 'virginie', 'yncrea', 2, 1),
(23, 'sepehri', 'shima', 'shima', 2, 1),
(24, 'tanguy', 'erwan', 'erwan', 1, 1),
(25, 'tanguy', 'franky', 'franky', 1, 1),
(26, 'mourchid', 'youssef', 'yncrea', 1, 2),
(27, 'kusberg', 'tatiana', 'yncrea', 2, 3),
(28, 'jamin-normand', 'stéphane', 'yncrea', 1, 2);

-- --------------------------------------------------------

--
-- Structure de la table `personnes2`
--

CREATE TABLE `personnes2` (
  `id_personne` int NOT NULL,
  `nom` varchar(50) DEFAULT NULL,
  `prenom` varchar(50) DEFAULT NULL,
  `photo` varchar(255) DEFAULT NULL,
  `email` varchar(255) DEFAULT NULL
) ENGINE=InnoDB DEFAULT CHARSET=utf8mb4 COLLATE=utf8mb4_0900_ai_ci;

--
-- Déchargement des données de la table `personnes2`
--

INSERT INTO `personnes2` (`id_personne`, `nom`, `prenom`, `photo`, `email`) VALUES
(1, 'adam', 'thierry', 'thierry', 'thierry.adam@isen-ouest.yncrea.fr'),
(2, 'borel', 'bertrand', 'bertrand', 'bertrand.borel@isen-ouest.yncrea.fr'),
(3, 'boucly', 'kévin', 'kevin', 'kevin.boucly@isen-ouest.yncrea.fr'),
(4, 'corlay', 'morgan', 'morgan', 'morgan.corlay@isen-ouest.yncrea.fr'),
(5, 'coroller', 'loïc', 'loicc', 'loic.coroller@isen-ouest.yncrea.fr'),
(6, 'de sousa lustosa silva', 'lucas', 'lucas', 'lucas.de-sousa-lustosa-silva@isen-ouest.yncrea.fr'),
(7, 'faudeil', 'nathan', 'yncrea', 'nathan.faudeil@isen-ouest.yncrea.fr'),
(8, 'gavancha cassiano', 'fabio', 'fabio', 'fabio.gavancha-cassiano@isen-ouest.yncrea.fr'),
(9, 'guichoux', 'quentin', 'quantin', 'quentin.guichoux@isen-ouest.yncrea.fr'),
(10, 'heller', 'romain', 'romain', 'romain.heller@isen-ouest.yncrea.fr'),
(11, 'ikheneche', 'nacira', 'nacira', 'nacira.ikheneche@isen-ouest.yncrea.fr'),
(12, 'lannurien', 'victor', 'victor', 'victor.lannurien@isen-ouest.yncrea.fr'),
(13, 'laxalde', 'ewen', 'ewen', 'ewen.laxalde@isen-ouest.yncrea.fr'),
(14, 'le dem', 'maïna', 'maina', 'maina.le-dem@isen-ouest.yncrea.fr'),
(15, 'lepelley', 'perrine', 'perrine', 'perrine.lepelley@isen-ouest.yncrea.fr'),
(16, 'le roch', 'gwenn', 'gwenn', 'gwenn.le-roch@isen-ouest.yncrea.fr'),
(17, 'nafoussi', 'hichem', 'hichem', 'hichem.nafoussi@isen-ouest.yncrea.fr'),
(18, 'penfeunteun', 'sylvia', 'sylvia', 'sylvia.penfeunteun@isen-ouest.yncrea.fr'),
(19, 'plessis', 'loïc', 'loicp', 'loic.plessis@isen-ouest.yncrea.fr'),
(20, 'poirier', 'hervé', 'herve', 'herve.poirier@isen-ouest.yncrea.fr'),
(21, 'sanchez', 'pauline', 'pauline', 'pauline.sanchez@isen-ouest.yncrea.fr'),
(22, 'ciceron', 'virginie', 'yncrea', 'virginie.ciceron@isen-ouest.yncrea.fr'),
(23, 'sepehri', 'shima', 'shima', 'shima.sepehri@isen-ouest.yncrea.fr'),
(24, 'tanguy', 'erwan', 'erwan', 'erwan.tanguy@isen-ouest.yncrea.fr'),
(25, 'tanguy', 'franky', 'franky', 'franky.tanguy@isen-ouest.yncrea.fr'),
(26, 'adam', 'thierry', 'thierry', 'thierry.adam@isen-ouest.yncrea.fr'),
(27, 'borel', 'bertrand', 'bertrand', 'bertrand.borel@isen-ouest.yncrea.fr'),
(28, 'boucly', 'kévin', 'kevin', 'kevin.boucly@isen-ouest.yncrea.fr'),
(29, 'corlay', 'morgan', 'morgan', 'morgan.corlay@isen-ouest.yncrea.fr'),
(30, 'coroller', 'loïc', 'loicc', 'loic.coroller@isen-ouest.yncrea.fr'),
(31, 'de sousa lustosa silva', 'lucas', 'lucas', 'lucas.de-sousa-lustosa-silva@isen-ouest.yncrea.fr'),
(32, 'faudeil', 'nathan', 'yncrea', 'nathan.faudeil@isen-ouest.yncrea.fr'),
(33, 'gavancha cassiano', 'fabio', 'fabio', 'fabio.gavancha-cassiano@isen-ouest.yncrea.fr'),
(34, 'guichoux', 'quentin', 'quantin', 'quentin.guichoux@isen-ouest.yncrea.fr'),
(35, 'heller', 'romain', 'romain', 'romain.heller@isen-ouest.yncrea.fr'),
(36, 'ikheneche', 'nacira', 'nacira', 'nacira.ikheneche@isen-ouest.yncrea.fr'),
(37, 'lannurien', 'victor', 'victor', 'victor.lannurien@isen-ouest.yncrea.fr'),
(38, 'laxalde', 'ewen', 'ewen', 'ewen.laxalde@isen-ouest.yncrea.fr'),
(39, 'le dem', 'maïna', 'maina', 'maina.le-dem@isen-ouest.yncrea.fr'),
(40, 'lepelley', 'perrine', 'perrine', 'perrine.lepelley@isen-ouest.yncrea.fr'),
(41, 'le roch', 'gwenn', 'gwenn', 'gwenn.le-roch@isen-ouest.yncrea.fr'),
(42, 'nafoussi', 'hichem', 'hichem', 'hichem.nafoussi@isen-ouest.yncrea.fr'),
(43, 'penfeunteun', 'sylvia', 'sylvia', 'sylvia.penfeunteun@isen-ouest.yncrea.fr'),
(44, 'plessis', 'loïc', 'loicp', 'loic.plessis@isen-ouest.yncrea.fr'),
(45, 'poirier', 'hervé', 'herve', 'herve.poirier@isen-ouest.yncrea.fr'),
(46, 'sanchez', 'pauline', 'pauline', 'pauline.sanchez@isen-ouest.yncrea.fr'),
(47, 'ciceron', 'virginie', 'yncrea', 'virginie.ciceron@isen-ouest.yncrea.fr'),
(48, 'sepehri', 'shima', 'shima', 'shima.sepehri@isen-ouest.yncrea.fr'),
(49, 'tanguy', 'erwan', 'erwan', 'erwan.tanguy@isen-ouest.yncrea.fr'),
(50, 'tanguy', 'franky', 'franky', 'franky.tanguy@isen-ouest.yncrea.fr'),
(51, 'adam', 'thierry', 'thierry', 'thierry.adam@isen-ouest.yncrea.fr'),
(52, 'borel', 'bertrand', 'bertrand', 'bertrand.borel@isen-ouest.yncrea.fr'),
(53, 'boucly', 'kévin', 'kevin', 'kevin.boucly@isen-ouest.yncrea.fr'),
(54, 'corlay', 'morgan', 'morgan', 'morgan.corlay@isen-ouest.yncrea.fr'),
(55, 'coroller', 'loïc', 'loicc', 'loic.coroller@isen-ouest.yncrea.fr'),
(56, 'de sousa lustosa silva', 'lucas', 'lucas', 'lucas.de-sousa-lustosa-silva@isen-ouest.yncrea.fr'),
(57, 'faudeil', 'nathan', 'yncrea', 'nathan.faudeil@isen-ouest.yncrea.fr'),
(58, 'gavancha cassiano', 'fabio', 'fabio', 'fabio.gavancha-cassiano@isen-ouest.yncrea.fr'),
(59, 'guichoux', 'quentin', 'quantin', 'quentin.guichoux@isen-ouest.yncrea.fr'),
(60, 'heller', 'romain', 'romain', 'romain.heller@isen-ouest.yncrea.fr'),
(61, 'ikheneche', 'nacira', 'nacira', 'nacira.ikheneche@isen-ouest.yncrea.fr'),
(62, 'lannurien', 'victor', 'victor', 'victor.lannurien@isen-ouest.yncrea.fr'),
(63, 'laxalde', 'ewen', 'ewen', 'ewen.laxalde@isen-ouest.yncrea.fr'),
(64, 'le dem', 'maïna', 'maina', 'maina.le-dem@isen-ouest.yncrea.fr'),
(65, 'lepelley', 'perrine', 'perrine', 'perrine.lepelley@isen-ouest.yncrea.fr'),
(66, 'le roch', 'gwenn', 'gwenn', 'gwenn.le-roch@isen-ouest.yncrea.fr'),
(67, 'nafoussi', 'hichem', 'hichem', 'hichem.nafoussi@isen-ouest.yncrea.fr'),
(68, 'penfeunteun', 'sylvia', 'sylvia', 'sylvia.penfeunteun@isen-ouest.yncrea.fr'),
(69, 'plessis', 'loïc', 'loicp', 'loic.plessis@isen-ouest.yncrea.fr'),
(70, 'poirier', 'hervé', 'herve', 'herve.poirier@isen-ouest.yncrea.fr'),
(71, 'sanchez', 'pauline', 'pauline', 'pauline.sanchez@isen-ouest.yncrea.fr'),
(72, 'ciceron', 'virginie', 'yncrea', 'virginie.ciceron@isen-ouest.yncrea.fr'),
(73, 'sepehri', 'shima', 'shima', 'shima.sepehri@isen-ouest.yncrea.fr'),
(74, 'tanguy', 'erwan', 'erwan', 'erwan.tanguy@isen-ouest.yncrea.fr'),
(75, 'tanguy', 'franky', 'franky', 'franky.tanguy@isen-ouest.yncrea.fr'),
(76, 'adam', 'thierry', 'thierry', 'thierry.adam@isen-ouest.yncrea.fr'),
(77, 'borel', 'bertrand', 'bertrand', 'bertrand.borel@isen-ouest.yncrea.fr'),
(78, 'boucly', 'kévin', 'kevin', 'kevin.boucly@isen-ouest.yncrea.fr'),
(79, 'corlay', 'morgan', 'morgan', 'morgan.corlay@isen-ouest.yncrea.fr'),
(80, 'coroller', 'loïc', 'loicc', 'loic.coroller@isen-ouest.yncrea.fr'),
(81, 'de sousa lustosa silva', 'lucas', 'lucas', 'lucas.de-sousa-lustosa-silva@isen-ouest.yncrea.fr'),
(82, 'faudeil', 'nathan', 'yncrea', 'nathan.faudeil@isen-ouest.yncrea.fr'),
(83, 'gavancha cassiano', 'fabio', 'fabio', 'fabio.gavancha-cassiano@isen-ouest.yncrea.fr'),
(84, 'guichoux', 'quentin', 'quantin', 'quentin.guichoux@isen-ouest.yncrea.fr'),
(85, 'heller', 'romain', 'romain', 'romain.heller@isen-ouest.yncrea.fr'),
(86, 'ikheneche', 'nacira', 'nacira', 'nacira.ikheneche@isen-ouest.yncrea.fr'),
(87, 'lannurien', 'victor', 'victor', 'victor.lannurien@isen-ouest.yncrea.fr'),
(88, 'laxalde', 'ewen', 'ewen', 'ewen.laxalde@isen-ouest.yncrea.fr'),
(89, 'le dem', 'maïna', 'maina', 'maina.le-dem@isen-ouest.yncrea.fr'),
(90, 'lepelley', 'perrine', 'perrine', 'perrine.lepelley@isen-ouest.yncrea.fr'),
(91, 'le roch', 'gwenn', 'gwenn', 'gwenn.le-roch@isen-ouest.yncrea.fr'),
(92, 'nafoussi', 'hichem', 'hichem', 'hichem.nafoussi@isen-ouest.yncrea.fr'),
(93, 'penfeunteun', 'sylvia', 'sylvia', 'sylvia.penfeunteun@isen-ouest.yncrea.fr'),
(94, 'plessis', 'loïc', 'loicp', 'loic.plessis@isen-ouest.yncrea.fr'),
(95, 'poirier', 'hervé', 'herve', 'herve.poirier@isen-ouest.yncrea.fr'),
(96, 'sanchez', 'pauline', 'pauline', 'pauline.sanchez@isen-ouest.yncrea.fr'),
(97, 'ciceron', 'virginie', 'yncrea', 'virginie.ciceron@isen-ouest.yncrea.fr'),
(98, 'sepehri', 'shima', 'shima', 'shima.sepehri@isen-ouest.yncrea.fr'),
(99, 'tanguy', 'erwan', 'erwan', 'erwan.tanguy@isen-ouest.yncrea.fr'),
(100, 'tanguy', 'franky', 'franky', 'franky.tanguy@isen-ouest.yncrea.fr'),
(101, 'adam', 'thierry', 'thierry', 'thierry.adam@isen-ouest.yncrea.fr'),
(102, 'borel', 'bertrand', 'bertrand', 'bertrand.borel@isen-ouest.yncrea.fr'),
(103, 'boucly', 'kévin', 'kevin', 'kevin.boucly@isen-ouest.yncrea.fr'),
(104, 'corlay', 'morgan', 'morgan', 'morgan.corlay@isen-ouest.yncrea.fr'),
(105, 'coroller', 'loïc', 'loicc', 'loic.coroller@isen-ouest.yncrea.fr'),
(106, 'de sousa lustosa silva', 'lucas', 'lucas', 'lucas.de-sousa-lustosa-silva@isen-ouest.yncrea.fr'),
(107, 'faudeil', 'nathan', 'yncrea', 'nathan.faudeil@isen-ouest.yncrea.fr'),
(108, 'gavancha cassiano', 'fabio', 'fabio', 'fabio.gavancha-cassiano@isen-ouest.yncrea.fr'),
(109, 'guichoux', 'quentin', 'quantin', 'quentin.guichoux@isen-ouest.yncrea.fr'),
(110, 'heller', 'romain', 'romain', 'romain.heller@isen-ouest.yncrea.fr'),
(111, 'ikheneche', 'nacira', 'nacira', 'nacira.ikheneche@isen-ouest.yncrea.fr'),
(112, 'lannurien', 'victor', 'victor', 'victor.lannurien@isen-ouest.yncrea.fr'),
(113, 'laxalde', 'ewen', 'ewen', 'ewen.laxalde@isen-ouest.yncrea.fr'),
(114, 'le dem', 'maïna', 'maina', 'maina.le-dem@isen-ouest.yncrea.fr'),
(115, 'lepelley', 'perrine', 'perrine', 'perrine.lepelley@isen-ouest.yncrea.fr'),
(116, 'le roch', 'gwenn', 'gwenn', 'gwenn.le-roch@isen-ouest.yncrea.fr'),
(117, 'nafoussi', 'hichem', 'hichem', 'hichem.nafoussi@isen-ouest.yncrea.fr'),
(118, 'penfeunteun', 'sylvia', 'sylvia', 'sylvia.penfeunteun@isen-ouest.yncrea.fr'),
(119, 'plessis', 'loïc', 'loicp', 'loic.plessis@isen-ouest.yncrea.fr'),
(120, 'poirier', 'hervé', 'herve', 'herve.poirier@isen-ouest.yncrea.fr'),
(121, 'sanchez', 'pauline', 'pauline', 'pauline.sanchez@isen-ouest.yncrea.fr'),
(122, 'ciceron', 'virginie', 'yncrea', 'virginie.ciceron@isen-ouest.yncrea.fr'),
(123, 'sepehri', 'shima', 'shima', 'shima.sepehri@isen-ouest.yncrea.fr'),
(124, 'tanguy', 'erwan', 'erwan', 'erwan.tanguy@isen-ouest.yncrea.fr'),
(125, 'tanguy', 'franky', 'franky', 'franky.tanguy@isen-ouest.yncrea.fr'),
(126, 'adam', 'thierry', 'thierry', 'thierry.adam@isen-ouest.yncrea.fr'),
(127, 'borel', 'bertrand', 'bertrand', 'bertrand.borel@isen-ouest.yncrea.fr'),
(128, 'boucly', 'kévin', 'kevin', 'kevin.boucly@isen-ouest.yncrea.fr'),
(129, 'corlay', 'morgan', 'morgan', 'morgan.corlay@isen-ouest.yncrea.fr'),
(130, 'coroller', 'loïc', 'loicc', 'loic.coroller@isen-ouest.yncrea.fr'),
(131, 'de sousa lustosa silva', 'lucas', 'lucas', 'lucas.de-sousa-lustosa-silva@isen-ouest.yncrea.fr'),
(132, 'faudeil', 'nathan', 'yncrea', 'nathan.faudeil@isen-ouest.yncrea.fr'),
(133, 'gavancha cassiano', 'fabio', 'fabio', 'fabio.gavancha-cassiano@isen-ouest.yncrea.fr'),
(134, 'guichoux', 'quentin', 'quantin', 'quentin.guichoux@isen-ouest.yncrea.fr'),
(135, 'heller', 'romain', 'romain', 'romain.heller@isen-ouest.yncrea.fr'),
(136, 'ikheneche', 'nacira', 'nacira', 'nacira.ikheneche@isen-ouest.yncrea.fr'),
(137, 'lannurien', 'victor', 'victor', 'victor.lannurien@isen-ouest.yncrea.fr'),
(138, 'laxalde', 'ewen', 'ewen', 'ewen.laxalde@isen-ouest.yncrea.fr'),
(139, 'le dem', 'maïna', 'maina', 'maina.le-dem@isen-ouest.yncrea.fr'),
(140, 'lepelley', 'perrine', 'perrine', 'perrine.lepelley@isen-ouest.yncrea.fr'),
(141, 'le roch', 'gwenn', 'gwenn', 'gwenn.le-roch@isen-ouest.yncrea.fr'),
(142, 'nafoussi', 'hichem', 'hichem', 'hichem.nafoussi@isen-ouest.yncrea.fr'),
(143, 'penfeunteun', 'sylvia', 'sylvia', 'sylvia.penfeunteun@isen-ouest.yncrea.fr'),
(144, 'plessis', 'loïc', 'loicp', 'loic.plessis@isen-ouest.yncrea.fr'),
(145, 'poirier', 'hervé', 'herve', 'herve.poirier@isen-ouest.yncrea.fr'),
(146, 'sanchez', 'pauline', 'pauline', 'pauline.sanchez@isen-ouest.yncrea.fr'),
(147, 'ciceron', 'virginie', 'yncrea', 'virginie.ciceron@isen-ouest.yncrea.fr'),
(148, 'sepehri', 'shima', 'shima', 'shima.sepehri@isen-ouest.yncrea.fr'),
(149, 'tanguy', 'erwan', 'erwan', 'erwan.tanguy@isen-ouest.yncrea.fr'),
(150, 'tanguy', 'franky', 'franky', 'franky.tanguy@isen-ouest.yncrea.fr'),
(151, 'adam', 'thierry', 'thierry', 'thierry.adam@isen-ouest.yncrea.fr'),
(152, 'borel', 'bertrand', 'bertrand', 'bertrand.borel@isen-ouest.yncrea.fr'),
(153, 'boucly', 'kévin', 'kevin', 'kevin.boucly@isen-ouest.yncrea.fr'),
(154, 'corlay', 'morgan', 'morgan', 'morgan.corlay@isen-ouest.yncrea.fr'),
(155, 'coroller', 'loïc', 'loicc', 'loic.coroller@isen-ouest.yncrea.fr'),
(156, 'de sousa lustosa silva', 'lucas', 'lucas', 'lucas.de-sousa-lustosa-silva@isen-ouest.yncrea.fr'),
(157, 'faudeil', 'nathan', 'yncrea', 'nathan.faudeil@isen-ouest.yncrea.fr'),
(158, 'gavancha cassiano', 'fabio', 'fabio', 'fabio.gavancha-cassiano@isen-ouest.yncrea.fr'),
(159, 'guichoux', 'quentin', 'quantin', 'quentin.guichoux@isen-ouest.yncrea.fr'),
(160, 'heller', 'romain', 'romain', 'romain.heller@isen-ouest.yncrea.fr'),
(161, 'ikheneche', 'nacira', 'nacira', 'nacira.ikheneche@isen-ouest.yncrea.fr'),
(162, 'lannurien', 'victor', 'victor', 'victor.lannurien@isen-ouest.yncrea.fr'),
(163, 'laxalde', 'ewen', 'ewen', 'ewen.laxalde@isen-ouest.yncrea.fr'),
(164, 'le dem', 'maïna', 'maina', 'maina.le-dem@isen-ouest.yncrea.fr'),
(165, 'lepelley', 'perrine', 'perrine', 'perrine.lepelley@isen-ouest.yncrea.fr'),
(166, 'le roch', 'gwenn', 'gwenn', 'gwenn.le-roch@isen-ouest.yncrea.fr'),
(167, 'nafoussi', 'hichem', 'hichem', 'hichem.nafoussi@isen-ouest.yncrea.fr'),
(168, 'penfeunteun', 'sylvia', 'sylvia', 'sylvia.penfeunteun@isen-ouest.yncrea.fr'),
(169, 'plessis', 'loïc', 'loicp', 'loic.plessis@isen-ouest.yncrea.fr'),
(170, 'poirier', 'hervé', 'herve', 'herve.poirier@isen-ouest.yncrea.fr'),
(171, 'sanchez', 'pauline', 'pauline', 'pauline.sanchez@isen-ouest.yncrea.fr'),
(172, 'ciceron', 'virginie', 'yncrea', 'virginie.ciceron@isen-ouest.yncrea.fr'),
(173, 'sepehri', 'shima', 'shima', 'shima.sepehri@isen-ouest.yncrea.fr'),
(174, 'tanguy', 'erwan', 'erwan', 'erwan.tanguy@isen-ouest.yncrea.fr'),
(175, 'tanguy', 'franky', 'franky', 'franky.tanguy@isen-ouest.yncrea.fr'),
(176, 'adam', 'thierry', 'thierry', 'thierry.adam@isen-ouest.yncrea.fr'),
(177, 'borel', 'bertrand', 'bertrand', 'bertrand.borel@isen-ouest.yncrea.fr'),
(178, 'boucly', 'kévin', 'kevin', 'kevin.boucly@isen-ouest.yncrea.fr'),
(179, 'corlay', 'morgan', 'morgan', 'morgan.corlay@isen-ouest.yncrea.fr'),
(180, 'coroller', 'loïc', 'loicc', 'loic.coroller@isen-ouest.yncrea.fr'),
(181, 'de sousa lustosa silva', 'lucas', 'lucas', 'lucas.de-sousa-lustosa-silva@isen-ouest.yncrea.fr'),
(182, 'faudeil', 'nathan', 'yncrea', 'nathan.faudeil@isen-ouest.yncrea.fr'),
(183, 'gavancha cassiano', 'fabio', 'fabio', 'fabio.gavancha-cassiano@isen-ouest.yncrea.fr'),
(184, 'guichoux', 'quentin', 'quantin', 'quentin.guichoux@isen-ouest.yncrea.fr'),
(185, 'heller', 'romain', 'romain', 'romain.heller@isen-ouest.yncrea.fr'),
(186, 'ikheneche', 'nacira', 'nacira', 'nacira.ikheneche@isen-ouest.yncrea.fr'),
(187, 'lannurien', 'victor', 'victor', 'victor.lannurien@isen-ouest.yncrea.fr'),
(188, 'laxalde', 'ewen', 'ewen', 'ewen.laxalde@isen-ouest.yncrea.fr'),
(189, 'le dem', 'maïna', 'maina', 'maina.le-dem@isen-ouest.yncrea.fr'),
(190, 'lepelley', 'perrine', 'perrine', 'perrine.lepelley@isen-ouest.yncrea.fr'),
(191, 'le roch', 'gwenn', 'gwenn', 'gwenn.le-roch@isen-ouest.yncrea.fr'),
(192, 'nafoussi', 'hichem', 'hichem', 'hichem.nafoussi@isen-ouest.yncrea.fr'),
(193, 'penfeunteun', 'sylvia', 'sylvia', 'sylvia.penfeunteun@isen-ouest.yncrea.fr'),
(194, 'plessis', 'loïc', 'loicp', 'loic.plessis@isen-ouest.yncrea.fr'),
(195, 'poirier', 'hervé', 'herve', 'herve.poirier@isen-ouest.yncrea.fr'),
(196, 'sanchez', 'pauline', 'pauline', 'pauline.sanchez@isen-ouest.yncrea.fr'),
(197, 'ciceron', 'virginie', 'yncrea', 'virginie.ciceron@isen-ouest.yncrea.fr'),
(198, 'sepehri', 'shima', 'shima', 'shima.sepehri@isen-ouest.yncrea.fr'),
(199, 'tanguy', 'erwan', 'erwan', 'erwan.tanguy@isen-ouest.yncrea.fr'),
(200, 'tanguy', 'franky', 'franky', 'franky.tanguy@isen-ouest.yncrea.fr'),
(201, 'adam', 'thierry', 'thierry', 'thierry.adam@isen-ouest.yncrea.fr'),
(202, 'borel', 'bertrand', 'bertrand', 'bertrand.borel@isen-ouest.yncrea.fr'),
(203, 'boucly', 'kévin', 'kevin', 'kevin.boucly@isen-ouest.yncrea.fr'),
(204, 'corlay', 'morgan', 'morgan', 'morgan.corlay@isen-ouest.yncrea.fr'),
(205, 'coroller', 'loïc', 'loicc', 'loic.coroller@isen-ouest.yncrea.fr'),
(206, 'de sousa lustosa silva', 'lucas', 'lucas', 'lucas.de-sousa-lustosa-silva@isen-ouest.yncrea.fr'),
(207, 'faudeil', 'nathan', 'yncrea', 'nathan.faudeil@isen-ouest.yncrea.fr'),
(208, 'gavancha cassiano', 'fabio', 'fabio', 'fabio.gavancha-cassiano@isen-ouest.yncrea.fr'),
(209, 'guichoux', 'quentin', 'quantin', 'quentin.guichoux@isen-ouest.yncrea.fr'),
(210, 'heller', 'romain', 'romain', 'romain.heller@isen-ouest.yncrea.fr'),
(211, 'ikheneche', 'nacira', 'nacira', 'nacira.ikheneche@isen-ouest.yncrea.fr'),
(212, 'lannurien', 'victor', 'victor', 'victor.lannurien@isen-ouest.yncrea.fr'),
(213, 'laxalde', 'ewen', 'ewen', 'ewen.laxalde@isen-ouest.yncrea.fr'),
(214, 'le dem', 'maïna', 'maina', 'maina.le-dem@isen-ouest.yncrea.fr'),
(215, 'lepelley', 'perrine', 'perrine', 'perrine.lepelley@isen-ouest.yncrea.fr'),
(216, 'le roch', 'gwenn', 'gwenn', 'gwenn.le-roch@isen-ouest.yncrea.fr'),
(217, 'nafoussi', 'hichem', 'hichem', 'hichem.nafoussi@isen-ouest.yncrea.fr'),
(218, 'penfeunteun', 'sylvia', 'sylvia', 'sylvia.penfeunteun@isen-ouest.yncrea.fr'),
(219, 'plessis', 'loïc', 'loicp', 'loic.plessis@isen-ouest.yncrea.fr'),
(220, 'poirier', 'hervé', 'herve', 'herve.poirier@isen-ouest.yncrea.fr'),
(221, 'sanchez', 'pauline', 'pauline', 'pauline.sanchez@isen-ouest.yncrea.fr'),
(222, 'ciceron', 'virginie', 'yncrea', 'virginie.ciceron@isen-ouest.yncrea.fr'),
(223, 'sepehri', 'shima', 'shima', 'shima.sepehri@isen-ouest.yncrea.fr'),
(224, 'tanguy', 'erwan', 'erwan', 'erwan.tanguy@isen-ouest.yncrea.fr'),
(225, 'tanguy', 'franky', 'franky', 'franky.tanguy@isen-ouest.yncrea.fr'),
(226, 'adam', 'thierry', 'thierry', 'thierry.adam@isen-ouest.yncrea.fr'),
(227, 'borel', 'bertrand', 'bertrand', 'bertrand.borel@isen-ouest.yncrea.fr'),
(228, 'boucly', 'kévin', 'kevin', 'kevin.boucly@isen-ouest.yncrea.fr'),
(229, 'corlay', 'morgan', 'morgan', 'morgan.corlay@isen-ouest.yncrea.fr'),
(230, 'coroller', 'loïc', 'loicc', 'loic.coroller@isen-ouest.yncrea.fr'),
(231, 'de sousa lustosa silva', 'lucas', 'lucas', 'lucas.de-sousa-lustosa-silva@isen-ouest.yncrea.fr'),
(232, 'faudeil', 'nathan', 'yncrea', 'nathan.faudeil@isen-ouest.yncrea.fr'),
(233, 'gavancha cassiano', 'fabio', 'fabio', 'fabio.gavancha-cassiano@isen-ouest.yncrea.fr'),
(234, 'guichoux', 'quentin', 'quantin', 'quentin.guichoux@isen-ouest.yncrea.fr'),
(235, 'heller', 'romain', 'romain', 'romain.heller@isen-ouest.yncrea.fr'),
(236, 'ikheneche', 'nacira', 'nacira', 'nacira.ikheneche@isen-ouest.yncrea.fr'),
(237, 'lannurien', 'victor', 'victor', 'victor.lannurien@isen-ouest.yncrea.fr'),
(238, 'laxalde', 'ewen', 'ewen', 'ewen.laxalde@isen-ouest.yncrea.fr'),
(239, 'le dem', 'maïna', 'maina', 'maina.le-dem@isen-ouest.yncrea.fr'),
(240, 'lepelley', 'perrine', 'perrine', 'perrine.lepelley@isen-ouest.yncrea.fr'),
(241, 'le roch', 'gwenn', 'gwenn', 'gwenn.le-roch@isen-ouest.yncrea.fr'),
(242, 'nafoussi', 'hichem', 'hichem', 'hichem.nafoussi@isen-ouest.yncrea.fr'),
(243, 'penfeunteun', 'sylvia', 'sylvia', 'sylvia.penfeunteun@isen-ouest.yncrea.fr'),
(244, 'plessis', 'loïc', 'loicp', 'loic.plessis@isen-ouest.yncrea.fr'),
(245, 'poirier', 'hervé', 'herve', 'herve.poirier@isen-ouest.yncrea.fr'),
(246, 'sanchez', 'pauline', 'pauline', 'pauline.sanchez@isen-ouest.yncrea.fr'),
(247, 'ciceron', 'virginie', 'yncrea', 'virginie.ciceron@isen-ouest.yncrea.fr'),
(248, 'sepehri', 'shima', 'shima', 'shima.sepehri@isen-ouest.yncrea.fr'),
(249, 'tanguy', 'erwan', 'erwan', 'erwan.tanguy@isen-ouest.yncrea.fr'),
(250, 'tanguy', 'franky', 'franky', 'franky.tanguy@isen-ouest.yncrea.fr'),
(251, 'adam', 'thierry', 'thierry', 'thierry.adam@isen-ouest.yncrea.fr'),
(252, 'borel', 'bertrand', 'bertrand', 'bertrand.borel@isen-ouest.yncrea.fr'),
(253, 'boucly', 'kévin', 'kevin', 'kevin.boucly@isen-ouest.yncrea.fr'),
(254, 'corlay', 'morgan', 'morgan', 'morgan.corlay@isen-ouest.yncrea.fr'),
(255, 'coroller', 'loïc', 'loicc', 'loic.coroller@isen-ouest.yncrea.fr'),
(256, 'de sousa lustosa silva', 'lucas', 'lucas', 'lucas.de-sousa-lustosa-silva@isen-ouest.yncrea.fr'),
(257, 'faudeil', 'nathan', 'yncrea', 'nathan.faudeil@isen-ouest.yncrea.fr'),
(258, 'gavancha cassiano', 'fabio', 'fabio', 'fabio.gavancha-cassiano@isen-ouest.yncrea.fr'),
(259, 'guichoux', 'quentin', 'quantin', 'quentin.guichoux@isen-ouest.yncrea.fr'),
(260, 'heller', 'romain', 'romain', 'romain.heller@isen-ouest.yncrea.fr'),
(261, 'ikheneche', 'nacira', 'nacira', 'nacira.ikheneche@isen-ouest.yncrea.fr'),
(262, 'lannurien', 'victor', 'victor', 'victor.lannurien@isen-ouest.yncrea.fr'),
(263, 'laxalde', 'ewen', 'ewen', 'ewen.laxalde@isen-ouest.yncrea.fr'),
(264, 'le dem', 'maïna', 'maina', 'maina.le-dem@isen-ouest.yncrea.fr'),
(265, 'lepelley', 'perrine', 'perrine', 'perrine.lepelley@isen-ouest.yncrea.fr'),
(266, 'le roch', 'gwenn', 'gwenn', 'gwenn.le-roch@isen-ouest.yncrea.fr'),
(267, 'nafoussi', 'hichem', 'hichem', 'hichem.nafoussi@isen-ouest.yncrea.fr'),
(268, 'penfeunteun', 'sylvia', 'sylvia', 'sylvia.penfeunteun@isen-ouest.yncrea.fr'),
(269, 'plessis', 'loïc', 'loicp', 'loic.plessis@isen-ouest.yncrea.fr'),
(270, 'poirier', 'hervé', 'herve', 'herve.poirier@isen-ouest.yncrea.fr'),
(271, 'sanchez', 'pauline', 'pauline', 'pauline.sanchez@isen-ouest.yncrea.fr'),
(272, 'ciceron', 'virginie', 'yncrea', 'virginie.ciceron@isen-ouest.yncrea.fr'),
(273, 'sepehri', 'shima', 'shima', 'shima.sepehri@isen-ouest.yncrea.fr'),
(274, 'tanguy', 'erwan', 'erwan', 'erwan.tanguy@isen-ouest.yncrea.fr'),
(275, 'tanguy', 'franky', 'franky', 'franky.tanguy@isen-ouest.yncrea.fr'),
(276, 'adam', 'thierry', 'thierry', 'thierry.adam@isen-ouest.yncrea.fr'),
(277, 'borel', 'bertrand', 'bertrand', 'bertrand.borel@isen-ouest.yncrea.fr'),
(278, 'boucly', 'kévin', 'kevin', 'kevin.boucly@isen-ouest.yncrea.fr'),
(279, 'corlay', 'morgan', 'morgan', 'morgan.corlay@isen-ouest.yncrea.fr'),
(280, 'coroller', 'loïc', 'loicc', 'loic.coroller@isen-ouest.yncrea.fr'),
(281, 'de sousa lustosa silva', 'lucas', 'lucas', 'lucas.de-sousa-lustosa-silva@isen-ouest.yncrea.fr'),
(282, 'faudeil', 'nathan', 'yncrea', 'nathan.faudeil@isen-ouest.yncrea.fr'),
(283, 'gavancha cassiano', 'fabio', 'fabio', 'fabio.gavancha-cassiano@isen-ouest.yncrea.fr'),
(284, 'guichoux', 'quentin', 'quantin', 'quentin.guichoux@isen-ouest.yncrea.fr'),
(285, 'heller', 'romain', 'romain', 'romain.heller@isen-ouest.yncrea.fr'),
(286, 'ikheneche', 'nacira', 'nacira', 'nacira.ikheneche@isen-ouest.yncrea.fr'),
(287, 'lannurien', 'victor', 'victor', 'victor.lannurien@isen-ouest.yncrea.fr'),
(288, 'laxalde', 'ewen', 'ewen', 'ewen.laxalde@isen-ouest.yncrea.fr'),
(289, 'le dem', 'maïna', 'maina', 'maina.le-dem@isen-ouest.yncrea.fr'),
(290, 'lepelley', 'perrine', 'perrine', 'perrine.lepelley@isen-ouest.yncrea.fr'),
(291, 'le roch', 'gwenn', 'gwenn', 'gwenn.le-roch@isen-ouest.yncrea.fr'),
(292, 'nafoussi', 'hichem', 'hichem', 'hichem.nafoussi@isen-ouest.yncrea.fr'),
(293, 'penfeunteun', 'sylvia', 'sylvia', 'sylvia.penfeunteun@isen-ouest.yncrea.fr'),
(294, 'plessis', 'loïc', 'loicp', 'loic.plessis@isen-ouest.yncrea.fr'),
(295, 'poirier', 'hervé', 'herve', 'herve.poirier@isen-ouest.yncrea.fr'),
(296, 'sanchez', 'pauline', 'pauline', 'pauline.sanchez@isen-ouest.yncrea.fr'),
(297, 'ciceron', 'virginie', 'yncrea', 'virginie.ciceron@isen-ouest.yncrea.fr'),
(298, 'sepehri', 'shima', 'shima', 'shima.sepehri@isen-ouest.yncrea.fr'),
(299, 'tanguy', 'erwan', 'erwan', 'erwan.tanguy@isen-ouest.yncrea.fr'),
(300, 'tanguy', 'franky', 'franky', 'franky.tanguy@isen-ouest.yncrea.fr'),
(301, 'adam', 'thierry', 'thierry', 'thierry.adam@isen-ouest.yncrea.fr'),
(302, 'borel', 'bertrand', 'bertrand', 'bertrand.borel@isen-ouest.yncrea.fr'),
(303, 'boucly', 'kévin', 'kevin', 'kevin.boucly@isen-ouest.yncrea.fr'),
(304, 'corlay', 'morgan', 'morgan', 'morgan.corlay@isen-ouest.yncrea.fr'),
(305, 'coroller', 'loïc', 'loicc', 'loic.coroller@isen-ouest.yncrea.fr'),
(306, 'de sousa lustosa silva', 'lucas', 'lucas', 'lucas.de-sousa-lustosa-silva@isen-ouest.yncrea.fr'),
(307, 'faudeil', 'nathan', 'yncrea', 'nathan.faudeil@isen-ouest.yncrea.fr'),
(308, 'gavancha cassiano', 'fabio', 'fabio', 'fabio.gavancha-cassiano@isen-ouest.yncrea.fr'),
(309, 'guichoux', 'quentin', 'quantin', 'quentin.guichoux@isen-ouest.yncrea.fr'),
(310, 'heller', 'romain', 'romain', 'romain.heller@isen-ouest.yncrea.fr'),
(311, 'ikheneche', 'nacira', 'nacira', 'nacira.ikheneche@isen-ouest.yncrea.fr'),
(312, 'lannurien', 'victor', 'victor', 'victor.lannurien@isen-ouest.yncrea.fr'),
(313, 'laxalde', 'ewen', 'ewen', 'ewen.laxalde@isen-ouest.yncrea.fr'),
(314, 'le dem', 'maïna', 'maina', 'maina.le-dem@isen-ouest.yncrea.fr'),
(315, 'lepelley', 'perrine', 'perrine', 'perrine.lepelley@isen-ouest.yncrea.fr'),
(316, 'le roch', 'gwenn', 'gwenn', 'gwenn.le-roch@isen-ouest.yncrea.fr'),
(317, 'nafoussi', 'hichem', 'hichem', 'hichem.nafoussi@isen-ouest.yncrea.fr'),
(318, 'penfeunteun', 'sylvia', 'sylvia', 'sylvia.penfeunteun@isen-ouest.yncrea.fr'),
(319, 'plessis', 'loïc', 'loicp', 'loic.plessis@isen-ouest.yncrea.fr'),
(320, 'poirier', 'hervé', 'herve', 'herve.poirier@isen-ouest.yncrea.fr'),
(321, 'sanchez', 'pauline', 'pauline', 'pauline.sanchez@isen-ouest.yncrea.fr'),
(322, 'ciceron', 'virginie', 'yncrea', 'virginie.ciceron@isen-ouest.yncrea.fr'),
(323, 'sepehri', 'shima', 'shima', 'shima.sepehri@isen-ouest.yncrea.fr'),
(324, 'tanguy', 'erwan', 'erwan', 'erwan.tanguy@isen-ouest.yncrea.fr'),
(325, 'tanguy', 'franky', 'franky', 'franky.tanguy@isen-ouest.yncrea.fr'),
(326, 'adam', 'thierry', 'thierry', 'thierry.adam@isen-ouest.yncrea.fr'),
(327, 'borel', 'bertrand', 'bertrand', 'bertrand.borel@isen-ouest.yncrea.fr'),
(328, 'boucly', 'kévin', 'kevin', 'kevin.boucly@isen-ouest.yncrea.fr'),
(329, 'corlay', 'morgan', 'morgan', 'morgan.corlay@isen-ouest.yncrea.fr'),
(330, 'coroller', 'loïc', 'loicc', 'loic.coroller@isen-ouest.yncrea.fr'),
(331, 'de sousa lustosa silva', 'lucas', 'lucas', 'lucas.de-sousa-lustosa-silva@isen-ouest.yncrea.fr'),
(332, 'faudeil', 'nathan', 'yncrea', 'nathan.faudeil@isen-ouest.yncrea.fr'),
(333, 'gavancha cassiano', 'fabio', 'fabio', 'fabio.gavancha-cassiano@isen-ouest.yncrea.fr'),
(334, 'guichoux', 'quentin', 'quantin', 'quentin.guichoux@isen-ouest.yncrea.fr'),
(335, 'heller', 'romain', 'romain', 'romain.heller@isen-ouest.yncrea.fr'),
(336, 'ikheneche', 'nacira', 'nacira', 'nacira.ikheneche@isen-ouest.yncrea.fr'),
(337, 'lannurien', 'victor', 'victor', 'victor.lannurien@isen-ouest.yncrea.fr'),
(338, 'laxalde', 'ewen', 'ewen', 'ewen.laxalde@isen-ouest.yncrea.fr'),
(339, 'le dem', 'maïna', 'maina', 'maina.le-dem@isen-ouest.yncrea.fr'),
(340, 'lepelley', 'perrine', 'perrine', 'perrine.lepelley@isen-ouest.yncrea.fr'),
(341, 'le roch', 'gwenn', 'gwenn', 'gwenn.le-roch@isen-ouest.yncrea.fr'),
(342, 'nafoussi', 'hichem', 'hichem', 'hichem.nafoussi@isen-ouest.yncrea.fr'),
(343, 'penfeunteun', 'sylvia', 'sylvia', 'sylvia.penfeunteun@isen-ouest.yncrea.fr'),
(344, 'plessis', 'loïc', 'loicp', 'loic.plessis@isen-ouest.yncrea.fr'),
(345, 'poirier', 'hervé', 'herve', 'herve.poirier@isen-ouest.yncrea.fr'),
(346, 'sanchez', 'pauline', 'pauline', 'pauline.sanchez@isen-ouest.yncrea.fr'),
(347, 'ciceron', 'virginie', 'yncrea', 'virginie.ciceron@isen-ouest.yncrea.fr'),
(348, 'sepehri', 'shima', 'shima', 'shima.sepehri@isen-ouest.yncrea.fr'),
(349, 'tanguy', 'erwan', 'erwan', 'erwan.tanguy@isen-ouest.yncrea.fr'),
(350, 'tanguy', 'franky', 'franky', 'franky.tanguy@isen-ouest.yncrea.fr'),
(351, 'adam', 'thierry', 'thierry', 'thierry.adam@isen-ouest.yncrea.fr'),
(352, 'borel', 'bertrand', 'bertrand', 'bertrand.borel@isen-ouest.yncrea.fr'),
(353, 'boucly', 'kévin', 'kevin', 'kevin.boucly@isen-ouest.yncrea.fr'),
(354, 'corlay', 'morgan', 'morgan', 'morgan.corlay@isen-ouest.yncrea.fr'),
(355, 'coroller', 'loïc', 'loicc', 'loic.coroller@isen-ouest.yncrea.fr'),
(356, 'de sousa lustosa silva', 'lucas', 'lucas', 'lucas.de-sousa-lustosa-silva@isen-ouest.yncrea.fr'),
(357, 'faudeil', 'nathan', 'yncrea', 'nathan.faudeil@isen-ouest.yncrea.fr'),
(358, 'gavancha cassiano', 'fabio', 'fabio', 'fabio.gavancha-cassiano@isen-ouest.yncrea.fr'),
(359, 'guichoux', 'quentin', 'quantin', 'quentin.guichoux@isen-ouest.yncrea.fr'),
(360, 'heller', 'romain', 'romain', 'romain.heller@isen-ouest.yncrea.fr'),
(361, 'ikheneche', 'nacira', 'nacira', 'nacira.ikheneche@isen-ouest.yncrea.fr'),
(362, 'lannurien', 'victor', 'victor', 'victor.lannurien@isen-ouest.yncrea.fr'),
(363, 'laxalde', 'ewen', 'ewen', 'ewen.laxalde@isen-ouest.yncrea.fr'),
(364, 'le dem', 'maïna', 'maina', 'maina.le-dem@isen-ouest.yncrea.fr'),
(365, 'lepelley', 'perrine', 'perrine', 'perrine.lepelley@isen-ouest.yncrea.fr'),
(366, 'le roch', 'gwenn', 'gwenn', 'gwenn.le-roch@isen-ouest.yncrea.fr'),
(367, 'nafoussi', 'hichem', 'hichem', 'hichem.nafoussi@isen-ouest.yncrea.fr'),
(368, 'penfeunteun', 'sylvia', 'sylvia', 'sylvia.penfeunteun@isen-ouest.yncrea.fr'),
(369, 'plessis', 'loïc', 'loicp', 'loic.plessis@isen-ouest.yncrea.fr'),
(370, 'poirier', 'hervé', 'herve', 'herve.poirier@isen-ouest.yncrea.fr'),
(371, 'sanchez', 'pauline', 'pauline', 'pauline.sanchez@isen-ouest.yncrea.fr'),
(372, 'ciceron', 'virginie', 'yncrea', 'virginie.ciceron@isen-ouest.yncrea.fr'),
(373, 'sepehri', 'shima', 'shima', 'shima.sepehri@isen-ouest.yncrea.fr'),
(374, 'tanguy', 'erwan', 'erwan', 'erwan.tanguy@isen-ouest.yncrea.fr'),
(375, 'tanguy', 'franky', 'franky', 'franky.tanguy@isen-ouest.yncrea.fr'),
(376, 'adam', 'thierry', 'thierry', 'thierry.adam@isen-ouest.yncrea.fr'),
(377, 'borel', 'bertrand', 'bertrand', 'bertrand.borel@isen-ouest.yncrea.fr'),
(378, 'boucly', 'kévin', 'kevin', 'kevin.boucly@isen-ouest.yncrea.fr'),
(379, 'corlay', 'morgan', 'morgan', 'morgan.corlay@isen-ouest.yncrea.fr'),
(380, 'coroller', 'loïc', 'loicc', 'loic.coroller@isen-ouest.yncrea.fr'),
(381, 'de sousa lustosa silva', 'lucas', 'lucas', 'lucas.de-sousa-lustosa-silva@isen-ouest.yncrea.fr'),
(382, 'faudeil', 'nathan', 'yncrea', 'nathan.faudeil@isen-ouest.yncrea.fr'),
(383, 'gavancha cassiano', 'fabio', 'fabio', 'fabio.gavancha-cassiano@isen-ouest.yncrea.fr'),
(384, 'guichoux', 'quentin', 'quantin', 'quentin.guichoux@isen-ouest.yncrea.fr'),
(385, 'heller', 'romain', 'romain', 'romain.heller@isen-ouest.yncrea.fr'),
(386, 'ikheneche', 'nacira', 'nacira', 'nacira.ikheneche@isen-ouest.yncrea.fr'),
(387, 'lannurien', 'victor', 'victor', 'victor.lannurien@isen-ouest.yncrea.fr'),
(388, 'laxalde', 'ewen', 'ewen', 'ewen.laxalde@isen-ouest.yncrea.fr'),
(389, 'le dem', 'maïna', 'maina', 'maina.le-dem@isen-ouest.yncrea.fr'),
(390, 'lepelley', 'perrine', 'perrine', 'perrine.lepelley@isen-ouest.yncrea.fr'),
(391, 'le roch', 'gwenn', 'gwenn', 'gwenn.le-roch@isen-ouest.yncrea.fr'),
(392, 'nafoussi', 'hichem', 'hichem', 'hichem.nafoussi@isen-ouest.yncrea.fr'),
(393, 'penfeunteun', 'sylvia', 'sylvia', 'sylvia.penfeunteun@isen-ouest.yncrea.fr'),
(394, 'plessis', 'loïc', 'loicp', 'loic.plessis@isen-ouest.yncrea.fr'),
(395, 'poirier', 'hervé', 'herve', 'herve.poirier@isen-ouest.yncrea.fr'),
(396, 'sanchez', 'pauline', 'pauline', 'pauline.sanchez@isen-ouest.yncrea.fr'),
(397, 'ciceron', 'virginie', 'yncrea', 'virginie.ciceron@isen-ouest.yncrea.fr'),
(398, 'sepehri', 'shima', 'shima', 'shima.sepehri@isen-ouest.yncrea.fr'),
(399, 'tanguy', 'erwan', 'erwan', 'erwan.tanguy@isen-ouest.yncrea.fr'),
(400, 'tanguy', 'franky', 'franky', 'franky.tanguy@isen-ouest.yncrea.fr'),
(401, 'adam', 'thierry', 'thierry', 'thierry.adam@isen-ouest.yncrea.fr'),
(402, 'borel', 'bertrand', 'bertrand', 'bertrand.borel@isen-ouest.yncrea.fr'),
(403, 'boucly', 'kévin', 'kevin', 'kevin.boucly@isen-ouest.yncrea.fr'),
(404, 'corlay', 'morgan', 'morgan', 'morgan.corlay@isen-ouest.yncrea.fr'),
(405, 'coroller', 'loïc', 'loicc', 'loic.coroller@isen-ouest.yncrea.fr'),
(406, 'de sousa lustosa silva', 'lucas', 'lucas', 'lucas.de-sousa-lustosa-silva@isen-ouest.yncrea.fr'),
(407, 'faudeil', 'nathan', 'yncrea', 'nathan.faudeil@isen-ouest.yncrea.fr'),
(408, 'gavancha cassiano', 'fabio', 'fabio', 'fabio.gavancha-cassiano@isen-ouest.yncrea.fr'),
(409, 'guichoux', 'quentin', 'quantin', 'quentin.guichoux@isen-ouest.yncrea.fr'),
(410, 'heller', 'romain', 'romain', 'romain.heller@isen-ouest.yncrea.fr'),
(411, 'ikheneche', 'nacira', 'nacira', 'nacira.ikheneche@isen-ouest.yncrea.fr'),
(412, 'lannurien', 'victor', 'victor', 'victor.lannurien@isen-ouest.yncrea.fr'),
(413, 'laxalde', 'ewen', 'ewen', 'ewen.laxalde@isen-ouest.yncrea.fr'),
(414, 'le dem', 'maïna', 'maina', 'maina.le-dem@isen-ouest.yncrea.fr'),
(415, 'lepelley', 'perrine', 'perrine', 'perrine.lepelley@isen-ouest.yncrea.fr'),
(416, 'le roch', 'gwenn', 'gwenn', 'gwenn.le-roch@isen-ouest.yncrea.fr'),
(417, 'nafoussi', 'hichem', 'hichem', 'hichem.nafoussi@isen-ouest.yncrea.fr'),
(418, 'penfeunteun', 'sylvia', 'sylvia', 'sylvia.penfeunteun@isen-ouest.yncrea.fr'),
(419, 'plessis', 'loïc', 'loicp', 'loic.plessis@isen-ouest.yncrea.fr'),
(420, 'poirier', 'hervé', 'herve', 'herve.poirier@isen-ouest.yncrea.fr'),
(421, 'sanchez', 'pauline', 'pauline', 'pauline.sanchez@isen-ouest.yncrea.fr'),
(422, 'ciceron', 'virginie', 'yncrea', 'virginie.ciceron@isen-ouest.yncrea.fr'),
(423, 'sepehri', 'shima', 'shima', 'shima.sepehri@isen-ouest.yncrea.fr'),
(424, 'tanguy', 'erwan', 'erwan', 'erwan.tanguy@isen-ouest.yncrea.fr'),
(425, 'tanguy', 'franky', 'franky', 'franky.tanguy@isen-ouest.yncrea.fr'),
(426, 'adam', 'thierry', 'thierry', 'thierry.adam@isen-ouest.yncrea.fr'),
(427, 'borel', 'bertrand', 'bertrand', 'bertrand.borel@isen-ouest.yncrea.fr'),
(428, 'boucly', 'kévin', 'kevin', 'kevin.boucly@isen-ouest.yncrea.fr'),
(429, 'corlay', 'morgan', 'morgan', 'morgan.corlay@isen-ouest.yncrea.fr'),
(430, 'coroller', 'loïc', 'loicc', 'loic.coroller@isen-ouest.yncrea.fr'),
(431, 'de sousa lustosa silva', 'lucas', 'lucas', 'lucas.de-sousa-lustosa-silva@isen-ouest.yncrea.fr'),
(432, 'faudeil', 'nathan', 'yncrea', 'nathan.faudeil@isen-ouest.yncrea.fr'),
(433, 'gavancha cassiano', 'fabio', 'fabio', 'fabio.gavancha-cassiano@isen-ouest.yncrea.fr'),
(434, 'guichoux', 'quentin', 'quantin', 'quentin.guichoux@isen-ouest.yncrea.fr'),
(435, 'heller', 'romain', 'romain', 'romain.heller@isen-ouest.yncrea.fr'),
(436, 'ikheneche', 'nacira', 'nacira', 'nacira.ikheneche@isen-ouest.yncrea.fr'),
(437, 'lannurien', 'victor', 'victor', 'victor.lannurien@isen-ouest.yncrea.fr'),
(438, 'laxalde', 'ewen', 'ewen', 'ewen.laxalde@isen-ouest.yncrea.fr'),
(439, 'le dem', 'maïna', 'maina', 'maina.le-dem@isen-ouest.yncrea.fr'),
(440, 'lepelley', 'perrine', 'perrine', 'perrine.lepelley@isen-ouest.yncrea.fr'),
(441, 'le roch', 'gwenn', 'gwenn', 'gwenn.le-roch@isen-ouest.yncrea.fr'),
(442, 'nafoussi', 'hichem', 'hichem', 'hichem.nafoussi@isen-ouest.yncrea.fr'),
(443, 'penfeunteun', 'sylvia', 'sylvia', 'sylvia.penfeunteun@isen-ouest.yncrea.fr'),
(444, 'plessis', 'loïc', 'loicp', 'loic.plessis@isen-ouest.yncrea.fr'),
(445, 'poirier', 'hervé', 'herve', 'herve.poirier@isen-ouest.yncrea.fr'),
(446, 'sanchez', 'pauline', 'pauline', 'pauline.sanchez@isen-ouest.yncrea.fr'),
(447, 'ciceron', 'virginie', 'yncrea', 'virginie.ciceron@isen-ouest.yncrea.fr'),
(448, 'sepehri', 'shima', 'shima', 'shima.sepehri@isen-ouest.yncrea.fr'),
(449, 'tanguy', 'erwan', 'erwan', 'erwan.tanguy@isen-ouest.yncrea.fr'),
(450, 'tanguy', 'franky', 'franky', 'franky.tanguy@isen-ouest.yncrea.fr'),
(451, 'adam', 'thierry', 'thierry', 'thierry.adam@isen-ouest.yncrea.fr'),
(452, 'borel', 'bertrand', 'bertrand', 'bertrand.borel@isen-ouest.yncrea.fr'),
(453, 'boucly', 'kévin', 'kevin', 'kevin.boucly@isen-ouest.yncrea.fr'),
(454, 'corlay', 'morgan', 'morgan', 'morgan.corlay@isen-ouest.yncrea.fr'),
(455, 'coroller', 'loïc', 'loicc', 'loic.coroller@isen-ouest.yncrea.fr'),
(456, 'de sousa lustosa silva', 'lucas', 'lucas', 'lucas.de-sousa-lustosa-silva@isen-ouest.yncrea.fr'),
(457, 'faudeil', 'nathan', 'yncrea', 'nathan.faudeil@isen-ouest.yncrea.fr'),
(458, 'gavancha cassiano', 'fabio', 'fabio', 'fabio.gavancha-cassiano@isen-ouest.yncrea.fr'),
(459, 'guichoux', 'quentin', 'quantin', 'quentin.guichoux@isen-ouest.yncrea.fr'),
(460, 'heller', 'romain', 'romain', 'romain.heller@isen-ouest.yncrea.fr'),
(461, 'ikheneche', 'nacira', 'nacira', 'nacira.ikheneche@isen-ouest.yncrea.fr'),
(462, 'lannurien', 'victor', 'victor', 'victor.lannurien@isen-ouest.yncrea.fr'),
(463, 'laxalde', 'ewen', 'ewen', 'ewen.laxalde@isen-ouest.yncrea.fr'),
(464, 'le dem', 'maïna', 'maina', 'maina.le-dem@isen-ouest.yncrea.fr'),
(465, 'lepelley', 'perrine', 'perrine', 'perrine.lepelley@isen-ouest.yncrea.fr'),
(466, 'le roch', 'gwenn', 'gwenn', 'gwenn.le-roch@isen-ouest.yncrea.fr'),
(467, 'nafoussi', 'hichem', 'hichem', 'hichem.nafoussi@isen-ouest.yncrea.fr'),
(468, 'penfeunteun', 'sylvia', 'sylvia', 'sylvia.penfeunteun@isen-ouest.yncrea.fr'),
(469, 'plessis', 'loïc', 'loicp', 'loic.plessis@isen-ouest.yncrea.fr'),
(470, 'poirier', 'hervé', 'herve', 'herve.poirier@isen-ouest.yncrea.fr'),
(471, 'sanchez', 'pauline', 'pauline', 'pauline.sanchez@isen-ouest.yncrea.fr'),
(472, 'ciceron', 'virginie', 'yncrea', 'virginie.ciceron@isen-ouest.yncrea.fr'),
(473, 'sepehri', 'shima', 'shima', 'shima.sepehri@isen-ouest.yncrea.fr'),
(474, 'tanguy', 'erwan', 'erwan', 'erwan.tanguy@isen-ouest.yncrea.fr'),
(475, 'tanguy', 'franky', 'franky', 'franky.tanguy@isen-ouest.yncrea.fr'),
(476, 'adam', 'thierry', 'thierry', 'thierry.adam@isen-ouest.yncrea.fr'),
(477, 'borel', 'bertrand', 'bertrand', 'bertrand.borel@isen-ouest.yncrea.fr'),
(478, 'boucly', 'kévin', 'kevin', 'kevin.boucly@isen-ouest.yncrea.fr'),
(479, 'corlay', 'morgan', 'morgan', 'morgan.corlay@isen-ouest.yncrea.fr'),
(480, 'coroller', 'loïc', 'loicc', 'loic.coroller@isen-ouest.yncrea.fr'),
(481, 'de sousa lustosa silva', 'lucas', 'lucas', 'lucas.de-sousa-lustosa-silva@isen-ouest.yncrea.fr'),
(482, 'faudeil', 'nathan', 'yncrea', 'nathan.faudeil@isen-ouest.yncrea.fr'),
(483, 'gavancha cassiano', 'fabio', 'fabio', 'fabio.gavancha-cassiano@isen-ouest.yncrea.fr'),
(484, 'guichoux', 'quentin', 'quantin', 'quentin.guichoux@isen-ouest.yncrea.fr'),
(485, 'heller', 'romain', 'romain', 'romain.heller@isen-ouest.yncrea.fr'),
(486, 'ikheneche', 'nacira', 'nacira', 'nacira.ikheneche@isen-ouest.yncrea.fr'),
(487, 'lannurien', 'victor', 'victor', 'victor.lannurien@isen-ouest.yncrea.fr'),
(488, 'laxalde', 'ewen', 'ewen', 'ewen.laxalde@isen-ouest.yncrea.fr'),
(489, 'le dem', 'maïna', 'maina', 'maina.le-dem@isen-ouest.yncrea.fr'),
(490, 'lepelley', 'perrine', 'perrine', 'perrine.lepelley@isen-ouest.yncrea.fr'),
(491, 'le roch', 'gwenn', 'gwenn', 'gwenn.le-roch@isen-ouest.yncrea.fr'),
(492, 'nafoussi', 'hichem', 'hichem', 'hichem.nafoussi@isen-ouest.yncrea.fr'),
(493, 'penfeunteun', 'sylvia', 'sylvia', 'sylvia.penfeunteun@isen-ouest.yncrea.fr'),
(494, 'plessis', 'loïc', 'loicp', 'loic.plessis@isen-ouest.yncrea.fr'),
(495, 'poirier', 'hervé', 'herve', 'herve.poirier@isen-ouest.yncrea.fr'),
(496, 'sanchez', 'pauline', 'pauline', 'pauline.sanchez@isen-ouest.yncrea.fr'),
(497, 'ciceron', 'virginie', 'yncrea', 'virginie.ciceron@isen-ouest.yncrea.fr'),
(498, 'sepehri', 'shima', 'shima', 'shima.sepehri@isen-ouest.yncrea.fr'),
(499, 'tanguy', 'erwan', 'erwan', 'erwan.tanguy@isen-ouest.yncrea.fr'),
(500, 'tanguy', 'franky', 'franky', 'franky.tanguy@isen-ouest.yncrea.fr'),
(501, 'adam', 'thierry', 'thierry', 'thierry.adam@isen-ouest.yncrea.fr'),
(502, 'borel', 'bertrand', 'bertrand', 'bertrand.borel@isen-ouest.yncrea.fr'),
(503, 'boucly', 'kévin', 'kevin', 'kevin.boucly@isen-ouest.yncrea.fr'),
(504, 'corlay', 'morgan', 'morgan', 'morgan.corlay@isen-ouest.yncrea.fr'),
(505, 'coroller', 'loïc', 'loicc', 'loic.coroller@isen-ouest.yncrea.fr'),
(506, 'de sousa lustosa silva', 'lucas', 'lucas', 'lucas.de-sousa-lustosa-silva@isen-ouest.yncrea.fr'),
(507, 'faudeil', 'nathan', 'yncrea', 'nathan.faudeil@isen-ouest.yncrea.fr'),
(508, 'gavancha cassiano', 'fabio', 'fabio', 'fabio.gavancha-cassiano@isen-ouest.yncrea.fr'),
(509, 'guichoux', 'quentin', 'quantin', 'quentin.guichoux@isen-ouest.yncrea.fr'),
(510, 'heller', 'romain', 'romain', 'romain.heller@isen-ouest.yncrea.fr'),
(511, 'ikheneche', 'nacira', 'nacira', 'nacira.ikheneche@isen-ouest.yncrea.fr'),
(512, 'lannurien', 'victor', 'victor', 'victor.lannurien@isen-ouest.yncrea.fr'),
(513, 'laxalde', 'ewen', 'ewen', 'ewen.laxalde@isen-ouest.yncrea.fr'),
(514, 'le dem', 'maïna', 'maina', 'maina.le-dem@isen-ouest.yncrea.fr'),
(515, 'lepelley', 'perrine', 'perrine', 'perrine.lepelley@isen-ouest.yncrea.fr'),
(516, 'le roch', 'gwenn', 'gwenn', 'gwenn.le-roch@isen-ouest.yncrea.fr'),
(517, 'nafoussi', 'hichem', 'hichem', 'hichem.nafoussi@isen-ouest.yncrea.fr'),
(518, 'penfeunteun', 'sylvia', 'sylvia', 'sylvia.penfeunteun@isen-ouest.yncrea.fr'),
(519, 'plessis', 'loïc', 'loicp', 'loic.plessis@isen-ouest.yncrea.fr'),
(520, 'poirier', 'hervé', 'herve', 'herve.poirier@isen-ouest.yncrea.fr'),
(521, 'sanchez', 'pauline', 'pauline', 'pauline.sanchez@isen-ouest.yncrea.fr'),
(522, 'ciceron', 'virginie', 'yncrea', 'virginie.ciceron@isen-ouest.yncrea.fr'),
(523, 'sepehri', 'shima', 'shima', 'shima.sepehri@isen-ouest.yncrea.fr'),
(524, 'tanguy', 'erwan', 'erwan', 'erwan.tanguy@isen-ouest.yncrea.fr'),
(525, 'tanguy', 'franky', 'franky', 'franky.tanguy@isen-ouest.yncrea.fr'),
(526, 'adam', 'thierry', 'thierry', 'thierry.adam@isen-ouest.yncrea.fr'),
(527, 'borel', 'bertrand', 'bertrand', 'bertrand.borel@isen-ouest.yncrea.fr'),
(528, 'boucly', 'kévin', 'kevin', 'kevin.boucly@isen-ouest.yncrea.fr'),
(529, 'corlay', 'morgan', 'morgan', 'morgan.corlay@isen-ouest.yncrea.fr'),
(530, 'coroller', 'loïc', 'loicc', 'loic.coroller@isen-ouest.yncrea.fr'),
(531, 'de sousa lustosa silva', 'lucas', 'lucas', 'lucas.de-sousa-lustosa-silva@isen-ouest.yncrea.fr'),
(532, 'faudeil', 'nathan', 'yncrea', 'nathan.faudeil@isen-ouest.yncrea.fr'),
(533, 'gavancha cassiano', 'fabio', 'fabio', 'fabio.gavancha-cassiano@isen-ouest.yncrea.fr'),
(534, 'guichoux', 'quentin', 'quantin', 'quentin.guichoux@isen-ouest.yncrea.fr'),
(535, 'heller', 'romain', 'romain', 'romain.heller@isen-ouest.yncrea.fr'),
(536, 'ikheneche', 'nacira', 'nacira', 'nacira.ikheneche@isen-ouest.yncrea.fr'),
(537, 'lannurien', 'victor', 'victor', 'victor.lannurien@isen-ouest.yncrea.fr'),
(538, 'laxalde', 'ewen', 'ewen', 'ewen.laxalde@isen-ouest.yncrea.fr'),
(539, 'le dem', 'maïna', 'maina', 'maina.le-dem@isen-ouest.yncrea.fr'),
(540, 'lepelley', 'perrine', 'perrine', 'perrine.lepelley@isen-ouest.yncrea.fr'),
(541, 'le roch', 'gwenn', 'gwenn', 'gwenn.le-roch@isen-ouest.yncrea.fr'),
(542, 'nafoussi', 'hichem', 'hichem', 'hichem.nafoussi@isen-ouest.yncrea.fr'),
(543, 'penfeunteun', 'sylvia', 'sylvia', 'sylvia.penfeunteun@isen-ouest.yncrea.fr'),
(544, 'plessis', 'loïc', 'loicp', 'loic.plessis@isen-ouest.yncrea.fr'),
(545, 'poirier', 'hervé', 'herve', 'herve.poirier@isen-ouest.yncrea.fr'),
(546, 'sanchez', 'pauline', 'pauline', 'pauline.sanchez@isen-ouest.yncrea.fr'),
(547, 'ciceron', 'virginie', 'yncrea', 'virginie.ciceron@isen-ouest.yncrea.fr'),
(548, 'sepehri', 'shima', 'shima', 'shima.sepehri@isen-ouest.yncrea.fr'),
(549, 'tanguy', 'erwan', 'erwan', 'erwan.tanguy@isen-ouest.yncrea.fr'),
(550, 'tanguy', 'franky', 'franky', 'franky.tanguy@isen-ouest.yncrea.fr'),
(551, 'adam', 'thierry', 'thierry', 'thierry.adam@isen-ouest.yncrea.fr'),
(552, 'borel', 'bertrand', 'bertrand', 'bertrand.borel@isen-ouest.yncrea.fr'),
(553, 'boucly', 'kévin', 'kevin', 'kevin.boucly@isen-ouest.yncrea.fr'),
(554, 'corlay', 'morgan', 'morgan', 'morgan.corlay@isen-ouest.yncrea.fr'),
(555, 'coroller', 'loïc', 'loicc', 'loic.coroller@isen-ouest.yncrea.fr'),
(556, 'de sousa lustosa silva', 'lucas', 'lucas', 'lucas.de-sousa-lustosa-silva@isen-ouest.yncrea.fr'),
(557, 'faudeil', 'nathan', 'yncrea', 'nathan.faudeil@isen-ouest.yncrea.fr'),
(558, 'gavancha cassiano', 'fabio', 'fabio', 'fabio.gavancha-cassiano@isen-ouest.yncrea.fr'),
(559, 'guichoux', 'quentin', 'quantin', 'quentin.guichoux@isen-ouest.yncrea.fr'),
(560, 'heller', 'romain', 'romain', 'romain.heller@isen-ouest.yncrea.fr'),
(561, 'ikheneche', 'nacira', 'nacira', 'nacira.ikheneche@isen-ouest.yncrea.fr'),
(562, 'lannurien', 'victor', 'victor', 'victor.lannurien@isen-ouest.yncrea.fr'),
(563, 'laxalde', 'ewen', 'ewen', 'ewen.laxalde@isen-ouest.yncrea.fr'),
(564, 'le dem', 'maïna', 'maina', 'maina.le-dem@isen-ouest.yncrea.fr'),
(565, 'lepelley', 'perrine', 'perrine', 'perrine.lepelley@isen-ouest.yncrea.fr'),
(566, 'le roch', 'gwenn', 'gwenn', 'gwenn.le-roch@isen-ouest.yncrea.fr'),
(567, 'nafoussi', 'hichem', 'hichem', 'hichem.nafoussi@isen-ouest.yncrea.fr'),
(568, 'penfeunteun', 'sylvia', 'sylvia', 'sylvia.penfeunteun@isen-ouest.yncrea.fr'),
(569, 'plessis', 'loïc', 'loicp', 'loic.plessis@isen-ouest.yncrea.fr'),
(570, 'poirier', 'hervé', 'herve', 'herve.poirier@isen-ouest.yncrea.fr'),
(571, 'sanchez', 'pauline', 'pauline', 'pauline.sanchez@isen-ouest.yncrea.fr'),
(572, 'ciceron', 'virginie', 'yncrea', 'virginie.ciceron@isen-ouest.yncrea.fr'),
(573, 'sepehri', 'shima', 'shima', 'shima.sepehri@isen-ouest.yncrea.fr'),
(574, 'tanguy', 'erwan', 'erwan', 'erwan.tanguy@isen-ouest.yncrea.fr'),
(575, 'tanguy', 'franky', 'franky', 'franky.tanguy@isen-ouest.yncrea.fr'),
(576, 'adam', 'thierry', 'thierry', 'thierry.adam@isen-ouest.yncrea.fr'),
(577, 'borel', 'bertrand', 'bertrand', 'bertrand.borel@isen-ouest.yncrea.fr'),
(578, 'boucly', 'kévin', 'kevin', 'kevin.boucly@isen-ouest.yncrea.fr'),
(579, 'corlay', 'morgan', 'morgan', 'morgan.corlay@isen-ouest.yncrea.fr'),
(580, 'coroller', 'loïc', 'loicc', 'loic.coroller@isen-ouest.yncrea.fr'),
(581, 'de sousa lustosa silva', 'lucas', 'lucas', 'lucas.de-sousa-lustosa-silva@isen-ouest.yncrea.fr'),
(582, 'faudeil', 'nathan', 'yncrea', 'nathan.faudeil@isen-ouest.yncrea.fr'),
(583, 'gavancha cassiano', 'fabio', 'fabio', 'fabio.gavancha-cassiano@isen-ouest.yncrea.fr'),
(584, 'guichoux', 'quentin', 'quantin', 'quentin.guichoux@isen-ouest.yncrea.fr'),
(585, 'heller', 'romain', 'romain', 'romain.heller@isen-ouest.yncrea.fr'),
(586, 'ikheneche', 'nacira', 'nacira', 'nacira.ikheneche@isen-ouest.yncrea.fr'),
(587, 'lannurien', 'victor', 'victor', 'victor.lannurien@isen-ouest.yncrea.fr'),
(588, 'laxalde', 'ewen', 'ewen', 'ewen.laxalde@isen-ouest.yncrea.fr'),
(589, 'le dem', 'maïna', 'maina', 'maina.le-dem@isen-ouest.yncrea.fr'),
(590, 'lepelley', 'perrine', 'perrine', 'perrine.lepelley@isen-ouest.yncrea.fr'),
(591, 'le roch', 'gwenn', 'gwenn', 'gwenn.le-roch@isen-ouest.yncrea.fr'),
(592, 'nafoussi', 'hichem', 'hichem', 'hichem.nafoussi@isen-ouest.yncrea.fr'),
(593, 'penfeunteun', 'sylvia', 'sylvia', 'sylvia.penfeunteun@isen-ouest.yncrea.fr'),
(594, 'plessis', 'loïc', 'loicp', 'loic.plessis@isen-ouest.yncrea.fr'),
(595, 'poirier', 'hervé', 'herve', 'herve.poirier@isen-ouest.yncrea.fr'),
(596, 'sanchez', 'pauline', 'pauline', 'pauline.sanchez@isen-ouest.yncrea.fr'),
(597, 'ciceron', 'virginie', 'yncrea', 'virginie.ciceron@isen-ouest.yncrea.fr'),
(598, 'sepehri', 'shima', 'shima', 'shima.sepehri@isen-ouest.yncrea.fr'),
(599, 'tanguy', 'erwan', 'erwan', 'erwan.tanguy@isen-ouest.yncrea.fr'),
(600, 'tanguy', 'franky', 'franky', 'franky.tanguy@isen-ouest.yncrea.fr'),
(601, 'adam', 'thierry', 'thierry', 'thierry.adam@isen-ouest.yncrea.fr'),
(602, 'borel', 'bertrand', 'bertrand', 'bertrand.borel@isen-ouest.yncrea.fr'),
(603, 'boucly', 'kévin', 'kevin', 'kevin.boucly@isen-ouest.yncrea.fr'),
(604, 'corlay', 'morgan', 'morgan', 'morgan.corlay@isen-ouest.yncrea.fr'),
(605, 'coroller', 'loïc', 'loicc', 'loic.coroller@isen-ouest.yncrea.fr'),
(606, 'de sousa lustosa silva', 'lucas', 'lucas', 'lucas.de-sousa-lustosa-silva@isen-ouest.yncrea.fr'),
(607, 'faudeil', 'nathan', 'yncrea', 'nathan.faudeil@isen-ouest.yncrea.fr'),
(608, 'gavancha cassiano', 'fabio', 'fabio', 'fabio.gavancha-cassiano@isen-ouest.yncrea.fr'),
(609, 'guichoux', 'quentin', 'quantin', 'quentin.guichoux@isen-ouest.yncrea.fr'),
(610, 'heller', 'romain', 'romain', 'romain.heller@isen-ouest.yncrea.fr'),
(611, 'ikheneche', 'nacira', 'nacira', 'nacira.ikheneche@isen-ouest.yncrea.fr'),
(612, 'lannurien', 'victor', 'victor', 'victor.lannurien@isen-ouest.yncrea.fr'),
(613, 'laxalde', 'ewen', 'ewen', 'ewen.laxalde@isen-ouest.yncrea.fr'),
(614, 'le dem', 'maïna', 'maina', 'maina.le-dem@isen-ouest.yncrea.fr'),
(615, 'lepelley', 'perrine', 'perrine', 'perrine.lepelley@isen-ouest.yncrea.fr'),
(616, 'le roch', 'gwenn', 'gwenn', 'gwenn.le-roch@isen-ouest.yncrea.fr'),
(617, 'nafoussi', 'hichem', 'hichem', 'hichem.nafoussi@isen-ouest.yncrea.fr'),
(618, 'penfeunteun', 'sylvia', 'sylvia', 'sylvia.penfeunteun@isen-ouest.yncrea.fr'),
(619, 'plessis', 'loïc', 'loicp', 'loic.plessis@isen-ouest.yncrea.fr'),
(620, 'poirier', 'hervé', 'herve', 'herve.poirier@isen-ouest.yncrea.fr'),
(621, 'sanchez', 'pauline', 'pauline', 'pauline.sanchez@isen-ouest.yncrea.fr'),
(622, 'ciceron', 'virginie', 'yncrea', 'virginie.ciceron@isen-ouest.yncrea.fr'),
(623, 'sepehri', 'shima', 'shima', 'shima.sepehri@isen-ouest.yncrea.fr'),
(624, 'tanguy', 'erwan', 'erwan', 'erwan.tanguy@isen-ouest.yncrea.fr'),
(625, 'tanguy', 'franky', 'franky', 'franky.tanguy@isen-ouest.yncrea.fr'),
(626, 'adam', 'thierry', 'thierry', 'thierry.adam@isen-ouest.yncrea.fr'),
(627, 'borel', 'bertrand', 'bertrand', 'bertrand.borel@isen-ouest.yncrea.fr'),
(628, 'boucly', 'kévin', 'kevin', 'kevin.boucly@isen-ouest.yncrea.fr'),
(629, 'corlay', 'morgan', 'morgan', 'morgan.corlay@isen-ouest.yncrea.fr'),
(630, 'coroller', 'loïc', 'loicc', 'loic.coroller@isen-ouest.yncrea.fr'),
(631, 'de sousa lustosa silva', 'lucas', 'lucas', 'lucas.de-sousa-lustosa-silva@isen-ouest.yncrea.fr'),
(632, 'faudeil', 'nathan', 'yncrea', 'nathan.faudeil@isen-ouest.yncrea.fr'),
(633, 'gavancha cassiano', 'fabio', 'fabio', 'fabio.gavancha-cassiano@isen-ouest.yncrea.fr'),
(634, 'guichoux', 'quentin', 'quantin', 'quentin.guichoux@isen-ouest.yncrea.fr'),
(635, 'heller', 'romain', 'romain', 'romain.heller@isen-ouest.yncrea.fr'),
(636, 'ikheneche', 'nacira', 'nacira', 'nacira.ikheneche@isen-ouest.yncrea.fr'),
(637, 'lannurien', 'victor', 'victor', 'victor.lannurien@isen-ouest.yncrea.fr'),
(638, 'laxalde', 'ewen', 'ewen', 'ewen.laxalde@isen-ouest.yncrea.fr'),
(639, 'le dem', 'maïna', 'maina', 'maina.le-dem@isen-ouest.yncrea.fr'),
(640, 'lepelley', 'perrine', 'perrine', 'perrine.lepelley@isen-ouest.yncrea.fr'),
(641, 'le roch', 'gwenn', 'gwenn', 'gwenn.le-roch@isen-ouest.yncrea.fr'),
(642, 'nafoussi', 'hichem', 'hichem', 'hichem.nafoussi@isen-ouest.yncrea.fr'),
(643, 'penfeunteun', 'sylvia', 'sylvia', 'sylvia.penfeunteun@isen-ouest.yncrea.fr'),
(644, 'plessis', 'loïc', 'loicp', 'loic.plessis@isen-ouest.yncrea.fr'),
(645, 'poirier', 'hervé', 'herve', 'herve.poirier@isen-ouest.yncrea.fr'),
(646, 'sanchez', 'pauline', 'pauline', 'pauline.sanchez@isen-ouest.yncrea.fr'),
(647, 'ciceron', 'virginie', 'yncrea', 'virginie.ciceron@isen-ouest.yncrea.fr'),
(648, 'sepehri', 'shima', 'shima', 'shima.sepehri@isen-ouest.yncrea.fr'),
(649, 'tanguy', 'erwan', 'erwan', 'erwan.tanguy@isen-ouest.yncrea.fr'),
(650, 'tanguy', 'franky', 'franky', 'franky.tanguy@isen-ouest.yncrea.fr'),
(651, 'adam', 'thierry', 'thierry', 'thierry.adam@isen-ouest.yncrea.fr'),
(652, 'borel', 'bertrand', 'bertrand', 'bertrand.borel@isen-ouest.yncrea.fr'),
(653, 'boucly', 'kévin', 'kevin', 'kevin.boucly@isen-ouest.yncrea.fr'),
(654, 'corlay', 'morgan', 'morgan', 'morgan.corlay@isen-ouest.yncrea.fr'),
(655, 'coroller', 'loïc', 'loicc', 'loic.coroller@isen-ouest.yncrea.fr');
INSERT INTO `personnes2` (`id_personne`, `nom`, `prenom`, `photo`, `email`) VALUES
(656, 'de sousa lustosa silva', 'lucas', 'lucas', 'lucas.de-sousa-lustosa-silva@isen-ouest.yncrea.fr'),
(657, 'faudeil', 'nathan', 'yncrea', 'nathan.faudeil@isen-ouest.yncrea.fr'),
(658, 'gavancha cassiano', 'fabio', 'fabio', 'fabio.gavancha-cassiano@isen-ouest.yncrea.fr'),
(659, 'guichoux', 'quentin', 'quantin', 'quentin.guichoux@isen-ouest.yncrea.fr'),
(660, 'heller', 'romain', 'romain', 'romain.heller@isen-ouest.yncrea.fr'),
(661, 'ikheneche', 'nacira', 'nacira', 'nacira.ikheneche@isen-ouest.yncrea.fr'),
(662, 'lannurien', 'victor', 'victor', 'victor.lannurien@isen-ouest.yncrea.fr'),
(663, 'laxalde', 'ewen', 'ewen', 'ewen.laxalde@isen-ouest.yncrea.fr'),
(664, 'le dem', 'maïna', 'maina', 'maina.le-dem@isen-ouest.yncrea.fr'),
(665, 'lepelley', 'perrine', 'perrine', 'perrine.lepelley@isen-ouest.yncrea.fr'),
(666, 'le roch', 'gwenn', 'gwenn', 'gwenn.le-roch@isen-ouest.yncrea.fr'),
(667, 'nafoussi', 'hichem', 'hichem', 'hichem.nafoussi@isen-ouest.yncrea.fr'),
(668, 'penfeunteun', 'sylvia', 'sylvia', 'sylvia.penfeunteun@isen-ouest.yncrea.fr'),
(669, 'plessis', 'loïc', 'loicp', 'loic.plessis@isen-ouest.yncrea.fr'),
(670, 'poirier', 'hervé', 'herve', 'herve.poirier@isen-ouest.yncrea.fr'),
(671, 'sanchez', 'pauline', 'pauline', 'pauline.sanchez@isen-ouest.yncrea.fr'),
(672, 'ciceron', 'virginie', 'yncrea', 'virginie.ciceron@isen-ouest.yncrea.fr'),
(673, 'sepehri', 'shima', 'shima', 'shima.sepehri@isen-ouest.yncrea.fr'),
(674, 'tanguy', 'erwan', 'erwan', 'erwan.tanguy@isen-ouest.yncrea.fr'),
(675, 'tanguy', 'franky', 'franky', 'franky.tanguy@isen-ouest.yncrea.fr'),
(676, 'adam', 'thierry', 'thierry', 'thierry.adam@isen-ouest.yncrea.fr'),
(677, 'borel', 'bertrand', 'bertrand', 'bertrand.borel@isen-ouest.yncrea.fr'),
(678, 'boucly', 'kévin', 'kevin', 'kevin.boucly@isen-ouest.yncrea.fr'),
(679, 'corlay', 'morgan', 'morgan', 'morgan.corlay@isen-ouest.yncrea.fr'),
(680, 'coroller', 'loïc', 'loicc', 'loic.coroller@isen-ouest.yncrea.fr'),
(681, 'de sousa lustosa silva', 'lucas', 'lucas', 'lucas.de-sousa-lustosa-silva@isen-ouest.yncrea.fr'),
(682, 'faudeil', 'nathan', 'yncrea', 'nathan.faudeil@isen-ouest.yncrea.fr'),
(683, 'gavancha cassiano', 'fabio', 'fabio', 'fabio.gavancha-cassiano@isen-ouest.yncrea.fr'),
(684, 'guichoux', 'quentin', 'quantin', 'quentin.guichoux@isen-ouest.yncrea.fr'),
(685, 'heller', 'romain', 'romain', 'romain.heller@isen-ouest.yncrea.fr'),
(686, 'ikheneche', 'nacira', 'nacira', 'nacira.ikheneche@isen-ouest.yncrea.fr'),
(687, 'lannurien', 'victor', 'victor', 'victor.lannurien@isen-ouest.yncrea.fr'),
(688, 'laxalde', 'ewen', 'ewen', 'ewen.laxalde@isen-ouest.yncrea.fr'),
(689, 'le dem', 'maïna', 'maina', 'maina.le-dem@isen-ouest.yncrea.fr'),
(690, 'lepelley', 'perrine', 'perrine', 'perrine.lepelley@isen-ouest.yncrea.fr'),
(691, 'le roch', 'gwenn', 'gwenn', 'gwenn.le-roch@isen-ouest.yncrea.fr'),
(692, 'nafoussi', 'hichem', 'hichem', 'hichem.nafoussi@isen-ouest.yncrea.fr'),
(693, 'penfeunteun', 'sylvia', 'sylvia', 'sylvia.penfeunteun@isen-ouest.yncrea.fr'),
(694, 'plessis', 'loïc', 'loicp', 'loic.plessis@isen-ouest.yncrea.fr'),
(695, 'poirier', 'hervé', 'herve', 'herve.poirier@isen-ouest.yncrea.fr'),
(696, 'sanchez', 'pauline', 'pauline', 'pauline.sanchez@isen-ouest.yncrea.fr'),
(697, 'ciceron', 'virginie', 'yncrea', 'virginie.ciceron@isen-ouest.yncrea.fr'),
(698, 'sepehri', 'shima', 'shima', 'shima.sepehri@isen-ouest.yncrea.fr'),
(699, 'tanguy', 'erwan', 'erwan', 'erwan.tanguy@isen-ouest.yncrea.fr'),
(700, 'tanguy', 'franky', 'franky', 'franky.tanguy@isen-ouest.yncrea.fr'),
(701, 'adam', 'thierry', 'thierry', 'thierry.adam@isen-ouest.yncrea.fr'),
(702, 'borel', 'bertrand', 'bertrand', 'bertrand.borel@isen-ouest.yncrea.fr'),
(703, 'boucly', 'kévin', 'kevin', 'kevin.boucly@isen-ouest.yncrea.fr'),
(704, 'corlay', 'morgan', 'morgan', 'morgan.corlay@isen-ouest.yncrea.fr'),
(705, 'coroller', 'loïc', 'loicc', 'loic.coroller@isen-ouest.yncrea.fr'),
(706, 'de sousa lustosa silva', 'lucas', 'lucas', 'lucas.de-sousa-lustosa-silva@isen-ouest.yncrea.fr'),
(707, 'faudeil', 'nathan', 'yncrea', 'nathan.faudeil@isen-ouest.yncrea.fr'),
(708, 'gavancha cassiano', 'fabio', 'fabio', 'fabio.gavancha-cassiano@isen-ouest.yncrea.fr'),
(709, 'guichoux', 'quentin', 'quantin', 'quentin.guichoux@isen-ouest.yncrea.fr'),
(710, 'heller', 'romain', 'romain', 'romain.heller@isen-ouest.yncrea.fr'),
(711, 'ikheneche', 'nacira', 'nacira', 'nacira.ikheneche@isen-ouest.yncrea.fr'),
(712, 'lannurien', 'victor', 'victor', 'victor.lannurien@isen-ouest.yncrea.fr'),
(713, 'laxalde', 'ewen', 'ewen', 'ewen.laxalde@isen-ouest.yncrea.fr'),
(714, 'le dem', 'maïna', 'maina', 'maina.le-dem@isen-ouest.yncrea.fr'),
(715, 'lepelley', 'perrine', 'perrine', 'perrine.lepelley@isen-ouest.yncrea.fr'),
(716, 'le roch', 'gwenn', 'gwenn', 'gwenn.le-roch@isen-ouest.yncrea.fr'),
(717, 'nafoussi', 'hichem', 'hichem', 'hichem.nafoussi@isen-ouest.yncrea.fr'),
(718, 'penfeunteun', 'sylvia', 'sylvia', 'sylvia.penfeunteun@isen-ouest.yncrea.fr'),
(719, 'plessis', 'loïc', 'loicp', 'loic.plessis@isen-ouest.yncrea.fr'),
(720, 'poirier', 'hervé', 'herve', 'herve.poirier@isen-ouest.yncrea.fr'),
(721, 'sanchez', 'pauline', 'pauline', 'pauline.sanchez@isen-ouest.yncrea.fr'),
(722, 'ciceron', 'virginie', 'yncrea', 'virginie.ciceron@isen-ouest.yncrea.fr'),
(723, 'sepehri', 'shima', 'shima', 'shima.sepehri@isen-ouest.yncrea.fr'),
(724, 'tanguy', 'erwan', 'erwan', 'erwan.tanguy@isen-ouest.yncrea.fr'),
(725, 'tanguy', 'franky', 'franky', 'franky.tanguy@isen-ouest.yncrea.fr'),
(726, 'adam', 'thierry', 'thierry', 'thierry.adam@isen-ouest.yncrea.fr'),
(727, 'borel', 'bertrand', 'bertrand', 'bertrand.borel@isen-ouest.yncrea.fr'),
(728, 'boucly', 'kévin', 'kevin', 'kevin.boucly@isen-ouest.yncrea.fr'),
(729, 'corlay', 'morgan', 'morgan', 'morgan.corlay@isen-ouest.yncrea.fr'),
(730, 'coroller', 'loïc', 'loicc', 'loic.coroller@isen-ouest.yncrea.fr'),
(731, 'de sousa lustosa silva', 'lucas', 'lucas', 'lucas.de-sousa-lustosa-silva@isen-ouest.yncrea.fr'),
(732, 'faudeil', 'nathan', 'yncrea', 'nathan.faudeil@isen-ouest.yncrea.fr'),
(733, 'gavancha cassiano', 'fabio', 'fabio', 'fabio.gavancha-cassiano@isen-ouest.yncrea.fr'),
(734, 'guichoux', 'quentin', 'quantin', 'quentin.guichoux@isen-ouest.yncrea.fr'),
(735, 'heller', 'romain', 'romain', 'romain.heller@isen-ouest.yncrea.fr'),
(736, 'ikheneche', 'nacira', 'nacira', 'nacira.ikheneche@isen-ouest.yncrea.fr'),
(737, 'lannurien', 'victor', 'victor', 'victor.lannurien@isen-ouest.yncrea.fr'),
(738, 'laxalde', 'ewen', 'ewen', 'ewen.laxalde@isen-ouest.yncrea.fr'),
(739, 'le dem', 'maïna', 'maina', 'maina.le-dem@isen-ouest.yncrea.fr'),
(740, 'lepelley', 'perrine', 'perrine', 'perrine.lepelley@isen-ouest.yncrea.fr'),
(741, 'le roch', 'gwenn', 'gwenn', 'gwenn.le-roch@isen-ouest.yncrea.fr'),
(742, 'nafoussi', 'hichem', 'hichem', 'hichem.nafoussi@isen-ouest.yncrea.fr'),
(743, 'penfeunteun', 'sylvia', 'sylvia', 'sylvia.penfeunteun@isen-ouest.yncrea.fr'),
(744, 'plessis', 'loïc', 'loicp', 'loic.plessis@isen-ouest.yncrea.fr'),
(745, 'poirier', 'hervé', 'herve', 'herve.poirier@isen-ouest.yncrea.fr'),
(746, 'sanchez', 'pauline', 'pauline', 'pauline.sanchez@isen-ouest.yncrea.fr'),
(747, 'ciceron', 'virginie', 'yncrea', 'virginie.ciceron@isen-ouest.yncrea.fr'),
(748, 'sepehri', 'shima', 'shima', 'shima.sepehri@isen-ouest.yncrea.fr'),
(749, 'tanguy', 'erwan', 'erwan', 'erwan.tanguy@isen-ouest.yncrea.fr'),
(750, 'tanguy', 'franky', 'franky', 'franky.tanguy@isen-ouest.yncrea.fr'),
(751, 'adam', 'thierry', 'thierry', 'thierry.adam@isen-ouest.yncrea.fr'),
(752, 'borel', 'bertrand', 'bertrand', 'bertrand.borel@isen-ouest.yncrea.fr'),
(753, 'boucly', 'kévin', 'kevin', 'kevin.boucly@isen-ouest.yncrea.fr'),
(754, 'corlay', 'morgan', 'morgan', 'morgan.corlay@isen-ouest.yncrea.fr'),
(755, 'coroller', 'loïc', 'loicc', 'loic.coroller@isen-ouest.yncrea.fr'),
(756, 'de sousa lustosa silva', 'lucas', 'lucas', 'lucas.de-sousa-lustosa-silva@isen-ouest.yncrea.fr'),
(757, 'faudeil', 'nathan', 'yncrea', 'nathan.faudeil@isen-ouest.yncrea.fr'),
(758, 'gavancha cassiano', 'fabio', 'fabio', 'fabio.gavancha-cassiano@isen-ouest.yncrea.fr'),
(759, 'guichoux', 'quentin', 'quantin', 'quentin.guichoux@isen-ouest.yncrea.fr'),
(760, 'heller', 'romain', 'romain', 'romain.heller@isen-ouest.yncrea.fr'),
(761, 'ikheneche', 'nacira', 'nacira', 'nacira.ikheneche@isen-ouest.yncrea.fr'),
(762, 'lannurien', 'victor', 'victor', 'victor.lannurien@isen-ouest.yncrea.fr'),
(763, 'laxalde', 'ewen', 'ewen', 'ewen.laxalde@isen-ouest.yncrea.fr'),
(764, 'le dem', 'maïna', 'maina', 'maina.le-dem@isen-ouest.yncrea.fr'),
(765, 'lepelley', 'perrine', 'perrine', 'perrine.lepelley@isen-ouest.yncrea.fr'),
(766, 'le roch', 'gwenn', 'gwenn', 'gwenn.le-roch@isen-ouest.yncrea.fr'),
(767, 'nafoussi', 'hichem', 'hichem', 'hichem.nafoussi@isen-ouest.yncrea.fr'),
(768, 'penfeunteun', 'sylvia', 'sylvia', 'sylvia.penfeunteun@isen-ouest.yncrea.fr'),
(769, 'plessis', 'loïc', 'loicp', 'loic.plessis@isen-ouest.yncrea.fr'),
(770, 'poirier', 'hervé', 'herve', 'herve.poirier@isen-ouest.yncrea.fr'),
(771, 'sanchez', 'pauline', 'pauline', 'pauline.sanchez@isen-ouest.yncrea.fr'),
(772, 'ciceron', 'virginie', 'yncrea', 'virginie.ciceron@isen-ouest.yncrea.fr'),
(773, 'sepehri', 'shima', 'shima', 'shima.sepehri@isen-ouest.yncrea.fr'),
(774, 'tanguy', 'erwan', 'erwan', 'erwan.tanguy@isen-ouest.yncrea.fr'),
(775, 'tanguy', 'franky', 'franky', 'franky.tanguy@isen-ouest.yncrea.fr'),
(776, 'adam', 'thierry', 'thierry', 'thierry.adam@isen-ouest.yncrea.fr'),
(777, 'borel', 'bertrand', 'bertrand', 'bertrand.borel@isen-ouest.yncrea.fr'),
(778, 'boucly', 'kévin', 'kevin', 'kevin.boucly@isen-ouest.yncrea.fr'),
(779, 'corlay', 'morgan', 'morgan', 'morgan.corlay@isen-ouest.yncrea.fr'),
(780, 'coroller', 'loïc', 'loicc', 'loic.coroller@isen-ouest.yncrea.fr'),
(781, 'de sousa lustosa silva', 'lucas', 'lucas', 'lucas.de-sousa-lustosa-silva@isen-ouest.yncrea.fr'),
(782, 'faudeil', 'nathan', 'yncrea', 'nathan.faudeil@isen-ouest.yncrea.fr'),
(783, 'gavancha cassiano', 'fabio', 'fabio', 'fabio.gavancha-cassiano@isen-ouest.yncrea.fr'),
(784, 'guichoux', 'quentin', 'quantin', 'quentin.guichoux@isen-ouest.yncrea.fr'),
(785, 'heller', 'romain', 'romain', 'romain.heller@isen-ouest.yncrea.fr'),
(786, 'ikheneche', 'nacira', 'nacira', 'nacira.ikheneche@isen-ouest.yncrea.fr'),
(787, 'lannurien', 'victor', 'victor', 'victor.lannurien@isen-ouest.yncrea.fr'),
(788, 'laxalde', 'ewen', 'ewen', 'ewen.laxalde@isen-ouest.yncrea.fr'),
(789, 'le dem', 'maïna', 'maina', 'maina.le-dem@isen-ouest.yncrea.fr'),
(790, 'lepelley', 'perrine', 'perrine', 'perrine.lepelley@isen-ouest.yncrea.fr'),
(791, 'le roch', 'gwenn', 'gwenn', 'gwenn.le-roch@isen-ouest.yncrea.fr'),
(792, 'nafoussi', 'hichem', 'hichem', 'hichem.nafoussi@isen-ouest.yncrea.fr'),
(793, 'penfeunteun', 'sylvia', 'sylvia', 'sylvia.penfeunteun@isen-ouest.yncrea.fr'),
(794, 'plessis', 'loïc', 'loicp', 'loic.plessis@isen-ouest.yncrea.fr'),
(795, 'poirier', 'hervé', 'herve', 'herve.poirier@isen-ouest.yncrea.fr'),
(796, 'sanchez', 'pauline', 'pauline', 'pauline.sanchez@isen-ouest.yncrea.fr'),
(797, 'ciceron', 'virginie', 'yncrea', 'virginie.ciceron@isen-ouest.yncrea.fr'),
(798, 'sepehri', 'shima', 'shima', 'shima.sepehri@isen-ouest.yncrea.fr'),
(799, 'tanguy', 'erwan', 'erwan', 'erwan.tanguy@isen-ouest.yncrea.fr'),
(800, 'tanguy', 'franky', 'franky', 'franky.tanguy@isen-ouest.yncrea.fr'),
(801, 'adam', 'thierry', 'thierry', 'thierry.adam@isen-ouest.yncrea.fr'),
(802, 'borel', 'bertrand', 'bertrand', 'bertrand.borel@isen-ouest.yncrea.fr'),
(803, 'boucly', 'kévin', 'kevin', 'kevin.boucly@isen-ouest.yncrea.fr'),
(804, 'corlay', 'morgan', 'morgan', 'morgan.corlay@isen-ouest.yncrea.fr'),
(805, 'coroller', 'loïc', 'loicc', 'loic.coroller@isen-ouest.yncrea.fr'),
(806, 'de sousa lustosa silva', 'lucas', 'lucas', 'lucas.de-sousa-lustosa-silva@isen-ouest.yncrea.fr'),
(807, 'faudeil', 'nathan', 'yncrea', 'nathan.faudeil@isen-ouest.yncrea.fr'),
(808, 'gavancha cassiano', 'fabio', 'fabio', 'fabio.gavancha-cassiano@isen-ouest.yncrea.fr'),
(809, 'guichoux', 'quentin', 'quantin', 'quentin.guichoux@isen-ouest.yncrea.fr'),
(810, 'heller', 'romain', 'romain', 'romain.heller@isen-ouest.yncrea.fr'),
(811, 'ikheneche', 'nacira', 'nacira', 'nacira.ikheneche@isen-ouest.yncrea.fr'),
(812, 'lannurien', 'victor', 'victor', 'victor.lannurien@isen-ouest.yncrea.fr'),
(813, 'laxalde', 'ewen', 'ewen', 'ewen.laxalde@isen-ouest.yncrea.fr'),
(814, 'le dem', 'maïna', 'maina', 'maina.le-dem@isen-ouest.yncrea.fr'),
(815, 'lepelley', 'perrine', 'perrine', 'perrine.lepelley@isen-ouest.yncrea.fr'),
(816, 'le roch', 'gwenn', 'gwenn', 'gwenn.le-roch@isen-ouest.yncrea.fr'),
(817, 'nafoussi', 'hichem', 'hichem', 'hichem.nafoussi@isen-ouest.yncrea.fr'),
(818, 'penfeunteun', 'sylvia', 'sylvia', 'sylvia.penfeunteun@isen-ouest.yncrea.fr'),
(819, 'plessis', 'loïc', 'loicp', 'loic.plessis@isen-ouest.yncrea.fr'),
(820, 'poirier', 'hervé', 'herve', 'herve.poirier@isen-ouest.yncrea.fr'),
(821, 'sanchez', 'pauline', 'pauline', 'pauline.sanchez@isen-ouest.yncrea.fr'),
(822, 'ciceron', 'virginie', 'yncrea', 'virginie.ciceron@isen-ouest.yncrea.fr'),
(823, 'sepehri', 'shima', 'shima', 'shima.sepehri@isen-ouest.yncrea.fr'),
(824, 'tanguy', 'erwan', 'erwan', 'erwan.tanguy@isen-ouest.yncrea.fr'),
(825, 'tanguy', 'franky', 'franky', 'franky.tanguy@isen-ouest.yncrea.fr'),
(826, 'adam', 'thierry', 'thierry', 'thierry.adam@isen-ouest.yncrea.fr'),
(827, 'borel', 'bertrand', 'bertrand', 'bertrand.borel@isen-ouest.yncrea.fr'),
(828, 'boucly', 'kévin', 'kevin', 'kevin.boucly@isen-ouest.yncrea.fr'),
(829, 'corlay', 'morgan', 'morgan', 'morgan.corlay@isen-ouest.yncrea.fr'),
(830, 'coroller', 'loïc', 'loicc', 'loic.coroller@isen-ouest.yncrea.fr'),
(831, 'de sousa lustosa silva', 'lucas', 'lucas', 'lucas.de-sousa-lustosa-silva@isen-ouest.yncrea.fr'),
(832, 'faudeil', 'nathan', 'yncrea', 'nathan.faudeil@isen-ouest.yncrea.fr'),
(833, 'gavancha cassiano', 'fabio', 'fabio', 'fabio.gavancha-cassiano@isen-ouest.yncrea.fr'),
(834, 'guichoux', 'quentin', 'quantin', 'quentin.guichoux@isen-ouest.yncrea.fr'),
(835, 'heller', 'romain', 'romain', 'romain.heller@isen-ouest.yncrea.fr'),
(836, 'ikheneche', 'nacira', 'nacira', 'nacira.ikheneche@isen-ouest.yncrea.fr'),
(837, 'lannurien', 'victor', 'victor', 'victor.lannurien@isen-ouest.yncrea.fr'),
(838, 'laxalde', 'ewen', 'ewen', 'ewen.laxalde@isen-ouest.yncrea.fr'),
(839, 'le dem', 'maïna', 'maina', 'maina.le-dem@isen-ouest.yncrea.fr'),
(840, 'lepelley', 'perrine', 'perrine', 'perrine.lepelley@isen-ouest.yncrea.fr'),
(841, 'le roch', 'gwenn', 'gwenn', 'gwenn.le-roch@isen-ouest.yncrea.fr'),
(842, 'nafoussi', 'hichem', 'hichem', 'hichem.nafoussi@isen-ouest.yncrea.fr'),
(843, 'penfeunteun', 'sylvia', 'sylvia', 'sylvia.penfeunteun@isen-ouest.yncrea.fr'),
(844, 'plessis', 'loïc', 'loicp', 'loic.plessis@isen-ouest.yncrea.fr'),
(845, 'poirier', 'hervé', 'herve', 'herve.poirier@isen-ouest.yncrea.fr'),
(846, 'sanchez', 'pauline', 'pauline', 'pauline.sanchez@isen-ouest.yncrea.fr'),
(847, 'ciceron', 'virginie', 'yncrea', 'virginie.ciceron@isen-ouest.yncrea.fr'),
(848, 'sepehri', 'shima', 'shima', 'shima.sepehri@isen-ouest.yncrea.fr'),
(849, 'tanguy', 'erwan', 'erwan', 'erwan.tanguy@isen-ouest.yncrea.fr'),
(850, 'tanguy', 'franky', 'franky', 'franky.tanguy@isen-ouest.yncrea.fr'),
(851, 'adam', 'thierry', 'thierry', 'thierry.adam@isen-ouest.yncrea.fr'),
(852, 'borel', 'bertrand', 'bertrand', 'bertrand.borel@isen-ouest.yncrea.fr'),
(853, 'boucly', 'kévin', 'kevin', 'kevin.boucly@isen-ouest.yncrea.fr'),
(854, 'corlay', 'morgan', 'morgan', 'morgan.corlay@isen-ouest.yncrea.fr'),
(855, 'coroller', 'loïc', 'loicc', 'loic.coroller@isen-ouest.yncrea.fr'),
(856, 'de sousa lustosa silva', 'lucas', 'lucas', 'lucas.de-sousa-lustosa-silva@isen-ouest.yncrea.fr'),
(857, 'faudeil', 'nathan', 'yncrea', 'nathan.faudeil@isen-ouest.yncrea.fr'),
(858, 'gavancha cassiano', 'fabio', 'fabio', 'fabio.gavancha-cassiano@isen-ouest.yncrea.fr'),
(859, 'guichoux', 'quentin', 'quantin', 'quentin.guichoux@isen-ouest.yncrea.fr'),
(860, 'heller', 'romain', 'romain', 'romain.heller@isen-ouest.yncrea.fr'),
(861, 'ikheneche', 'nacira', 'nacira', 'nacira.ikheneche@isen-ouest.yncrea.fr'),
(862, 'lannurien', 'victor', 'victor', 'victor.lannurien@isen-ouest.yncrea.fr'),
(863, 'laxalde', 'ewen', 'ewen', 'ewen.laxalde@isen-ouest.yncrea.fr'),
(864, 'le dem', 'maïna', 'maina', 'maina.le-dem@isen-ouest.yncrea.fr'),
(865, 'lepelley', 'perrine', 'perrine', 'perrine.lepelley@isen-ouest.yncrea.fr'),
(866, 'le roch', 'gwenn', 'gwenn', 'gwenn.le-roch@isen-ouest.yncrea.fr'),
(867, 'nafoussi', 'hichem', 'hichem', 'hichem.nafoussi@isen-ouest.yncrea.fr'),
(868, 'penfeunteun', 'sylvia', 'sylvia', 'sylvia.penfeunteun@isen-ouest.yncrea.fr'),
(869, 'plessis', 'loïc', 'loicp', 'loic.plessis@isen-ouest.yncrea.fr'),
(870, 'poirier', 'hervé', 'herve', 'herve.poirier@isen-ouest.yncrea.fr'),
(871, 'sanchez', 'pauline', 'pauline', 'pauline.sanchez@isen-ouest.yncrea.fr'),
(872, 'ciceron', 'virginie', 'yncrea', 'virginie.ciceron@isen-ouest.yncrea.fr'),
(873, 'sepehri', 'shima', 'shima', 'shima.sepehri@isen-ouest.yncrea.fr'),
(874, 'tanguy', 'erwan', 'erwan', 'erwan.tanguy@isen-ouest.yncrea.fr'),
(875, 'tanguy', 'franky', 'franky', 'franky.tanguy@isen-ouest.yncrea.fr'),
(876, 'adam', 'thierry', 'thierry', 'thierry.adam@isen-ouest.yncrea.fr'),
(877, 'borel', 'bertrand', 'bertrand', 'bertrand.borel@isen-ouest.yncrea.fr'),
(878, 'boucly', 'kévin', 'kevin', 'kevin.boucly@isen-ouest.yncrea.fr'),
(879, 'corlay', 'morgan', 'morgan', 'morgan.corlay@isen-ouest.yncrea.fr'),
(880, 'coroller', 'loïc', 'loicc', 'loic.coroller@isen-ouest.yncrea.fr'),
(881, 'de sousa lustosa silva', 'lucas', 'lucas', 'lucas.de-sousa-lustosa-silva@isen-ouest.yncrea.fr'),
(882, 'faudeil', 'nathan', 'yncrea', 'nathan.faudeil@isen-ouest.yncrea.fr'),
(883, 'gavancha cassiano', 'fabio', 'fabio', 'fabio.gavancha-cassiano@isen-ouest.yncrea.fr'),
(884, 'guichoux', 'quentin', 'quantin', 'quentin.guichoux@isen-ouest.yncrea.fr'),
(885, 'heller', 'romain', 'romain', 'romain.heller@isen-ouest.yncrea.fr'),
(886, 'ikheneche', 'nacira', 'nacira', 'nacira.ikheneche@isen-ouest.yncrea.fr'),
(887, 'lannurien', 'victor', 'victor', 'victor.lannurien@isen-ouest.yncrea.fr'),
(888, 'laxalde', 'ewen', 'ewen', 'ewen.laxalde@isen-ouest.yncrea.fr'),
(889, 'le dem', 'maïna', 'maina', 'maina.le-dem@isen-ouest.yncrea.fr'),
(890, 'lepelley', 'perrine', 'perrine', 'perrine.lepelley@isen-ouest.yncrea.fr'),
(891, 'le roch', 'gwenn', 'gwenn', 'gwenn.le-roch@isen-ouest.yncrea.fr'),
(892, 'nafoussi', 'hichem', 'hichem', 'hichem.nafoussi@isen-ouest.yncrea.fr'),
(893, 'penfeunteun', 'sylvia', 'sylvia', 'sylvia.penfeunteun@isen-ouest.yncrea.fr'),
(894, 'plessis', 'loïc', 'loicp', 'loic.plessis@isen-ouest.yncrea.fr'),
(895, 'poirier', 'hervé', 'herve', 'herve.poirier@isen-ouest.yncrea.fr'),
(896, 'sanchez', 'pauline', 'pauline', 'pauline.sanchez@isen-ouest.yncrea.fr'),
(897, 'ciceron', 'virginie', 'yncrea', 'virginie.ciceron@isen-ouest.yncrea.fr'),
(898, 'sepehri', 'shima', 'shima', 'shima.sepehri@isen-ouest.yncrea.fr'),
(899, 'tanguy', 'erwan', 'erwan', 'erwan.tanguy@isen-ouest.yncrea.fr'),
(900, 'tanguy', 'franky', 'franky', 'franky.tanguy@isen-ouest.yncrea.fr'),
(901, 'adam', 'thierry', 'thierry', 'thierry.adam@isen-ouest.yncrea.fr'),
(902, 'borel', 'bertrand', 'bertrand', 'bertrand.borel@isen-ouest.yncrea.fr'),
(903, 'boucly', 'kévin', 'kevin', 'kevin.boucly@isen-ouest.yncrea.fr'),
(904, 'corlay', 'morgan', 'morgan', 'morgan.corlay@isen-ouest.yncrea.fr'),
(905, 'coroller', 'loïc', 'loicc', 'loic.coroller@isen-ouest.yncrea.fr'),
(906, 'de sousa lustosa silva', 'lucas', 'lucas', 'lucas.de-sousa-lustosa-silva@isen-ouest.yncrea.fr'),
(907, 'faudeil', 'nathan', 'yncrea', 'nathan.faudeil@isen-ouest.yncrea.fr'),
(908, 'gavancha cassiano', 'fabio', 'fabio', 'fabio.gavancha-cassiano@isen-ouest.yncrea.fr'),
(909, 'guichoux', 'quentin', 'quantin', 'quentin.guichoux@isen-ouest.yncrea.fr'),
(910, 'heller', 'romain', 'romain', 'romain.heller@isen-ouest.yncrea.fr'),
(911, 'ikheneche', 'nacira', 'nacira', 'nacira.ikheneche@isen-ouest.yncrea.fr'),
(912, 'lannurien', 'victor', 'victor', 'victor.lannurien@isen-ouest.yncrea.fr'),
(913, 'laxalde', 'ewen', 'ewen', 'ewen.laxalde@isen-ouest.yncrea.fr'),
(914, 'le dem', 'maïna', 'maina', 'maina.le-dem@isen-ouest.yncrea.fr'),
(915, 'lepelley', 'perrine', 'perrine', 'perrine.lepelley@isen-ouest.yncrea.fr'),
(916, 'le roch', 'gwenn', 'gwenn', 'gwenn.le-roch@isen-ouest.yncrea.fr'),
(917, 'nafoussi', 'hichem', 'hichem', 'hichem.nafoussi@isen-ouest.yncrea.fr'),
(918, 'penfeunteun', 'sylvia', 'sylvia', 'sylvia.penfeunteun@isen-ouest.yncrea.fr'),
(919, 'plessis', 'loïc', 'loicp', 'loic.plessis@isen-ouest.yncrea.fr'),
(920, 'poirier', 'hervé', 'herve', 'herve.poirier@isen-ouest.yncrea.fr'),
(921, 'sanchez', 'pauline', 'pauline', 'pauline.sanchez@isen-ouest.yncrea.fr'),
(922, 'ciceron', 'virginie', 'yncrea', 'virginie.ciceron@isen-ouest.yncrea.fr'),
(923, 'sepehri', 'shima', 'shima', 'shima.sepehri@isen-ouest.yncrea.fr'),
(924, 'tanguy', 'erwan', 'erwan', 'erwan.tanguy@isen-ouest.yncrea.fr'),
(925, 'tanguy', 'franky', 'franky', 'franky.tanguy@isen-ouest.yncrea.fr'),
(926, 'adam', 'thierry', 'thierry', 'thierry.adam@isen-ouest.yncrea.fr'),
(927, 'borel', 'bertrand', 'bertrand', 'bertrand.borel@isen-ouest.yncrea.fr'),
(928, 'boucly', 'kévin', 'kevin', 'kevin.boucly@isen-ouest.yncrea.fr'),
(929, 'corlay', 'morgan', 'morgan', 'morgan.corlay@isen-ouest.yncrea.fr'),
(930, 'coroller', 'loïc', 'loicc', 'loic.coroller@isen-ouest.yncrea.fr'),
(931, 'de sousa lustosa silva', 'lucas', 'lucas', 'lucas.de-sousa-lustosa-silva@isen-ouest.yncrea.fr'),
(932, 'faudeil', 'nathan', 'yncrea', 'nathan.faudeil@isen-ouest.yncrea.fr'),
(933, 'gavancha cassiano', 'fabio', 'fabio', 'fabio.gavancha-cassiano@isen-ouest.yncrea.fr'),
(934, 'guichoux', 'quentin', 'quantin', 'quentin.guichoux@isen-ouest.yncrea.fr'),
(935, 'heller', 'romain', 'romain', 'romain.heller@isen-ouest.yncrea.fr'),
(936, 'ikheneche', 'nacira', 'nacira', 'nacira.ikheneche@isen-ouest.yncrea.fr'),
(937, 'lannurien', 'victor', 'victor', 'victor.lannurien@isen-ouest.yncrea.fr'),
(938, 'laxalde', 'ewen', 'ewen', 'ewen.laxalde@isen-ouest.yncrea.fr'),
(939, 'le dem', 'maïna', 'maina', 'maina.le-dem@isen-ouest.yncrea.fr'),
(940, 'lepelley', 'perrine', 'perrine', 'perrine.lepelley@isen-ouest.yncrea.fr'),
(941, 'le roch', 'gwenn', 'gwenn', 'gwenn.le-roch@isen-ouest.yncrea.fr'),
(942, 'nafoussi', 'hichem', 'hichem', 'hichem.nafoussi@isen-ouest.yncrea.fr'),
(943, 'penfeunteun', 'sylvia', 'sylvia', 'sylvia.penfeunteun@isen-ouest.yncrea.fr'),
(944, 'plessis', 'loïc', 'loicp', 'loic.plessis@isen-ouest.yncrea.fr'),
(945, 'poirier', 'hervé', 'herve', 'herve.poirier@isen-ouest.yncrea.fr'),
(946, 'sanchez', 'pauline', 'pauline', 'pauline.sanchez@isen-ouest.yncrea.fr'),
(947, 'ciceron', 'virginie', 'yncrea', 'virginie.ciceron@isen-ouest.yncrea.fr'),
(948, 'sepehri', 'shima', 'shima', 'shima.sepehri@isen-ouest.yncrea.fr'),
(949, 'tanguy', 'erwan', 'erwan', 'erwan.tanguy@isen-ouest.yncrea.fr'),
(950, 'tanguy', 'franky', 'franky', 'franky.tanguy@isen-ouest.yncrea.fr'),
(951, 'adam', 'thierry', 'thierry', 'thierry.adam@isen-ouest.yncrea.fr'),
(952, 'borel', 'bertrand', 'bertrand', 'bertrand.borel@isen-ouest.yncrea.fr'),
(953, 'boucly', 'kévin', 'kevin', 'kevin.boucly@isen-ouest.yncrea.fr'),
(954, 'corlay', 'morgan', 'morgan', 'morgan.corlay@isen-ouest.yncrea.fr'),
(955, 'coroller', 'loïc', 'loicc', 'loic.coroller@isen-ouest.yncrea.fr'),
(956, 'de sousa lustosa silva', 'lucas', 'lucas', 'lucas.de-sousa-lustosa-silva@isen-ouest.yncrea.fr'),
(957, 'faudeil', 'nathan', 'yncrea', 'nathan.faudeil@isen-ouest.yncrea.fr'),
(958, 'gavancha cassiano', 'fabio', 'fabio', 'fabio.gavancha-cassiano@isen-ouest.yncrea.fr'),
(959, 'guichoux', 'quentin', 'quantin', 'quentin.guichoux@isen-ouest.yncrea.fr'),
(960, 'heller', 'romain', 'romain', 'romain.heller@isen-ouest.yncrea.fr'),
(961, 'ikheneche', 'nacira', 'nacira', 'nacira.ikheneche@isen-ouest.yncrea.fr'),
(962, 'lannurien', 'victor', 'victor', 'victor.lannurien@isen-ouest.yncrea.fr'),
(963, 'laxalde', 'ewen', 'ewen', 'ewen.laxalde@isen-ouest.yncrea.fr'),
(964, 'le dem', 'maïna', 'maina', 'maina.le-dem@isen-ouest.yncrea.fr'),
(965, 'lepelley', 'perrine', 'perrine', 'perrine.lepelley@isen-ouest.yncrea.fr'),
(966, 'le roch', 'gwenn', 'gwenn', 'gwenn.le-roch@isen-ouest.yncrea.fr'),
(967, 'nafoussi', 'hichem', 'hichem', 'hichem.nafoussi@isen-ouest.yncrea.fr'),
(968, 'penfeunteun', 'sylvia', 'sylvia', 'sylvia.penfeunteun@isen-ouest.yncrea.fr'),
(969, 'plessis', 'loïc', 'loicp', 'loic.plessis@isen-ouest.yncrea.fr'),
(970, 'poirier', 'hervé', 'herve', 'herve.poirier@isen-ouest.yncrea.fr'),
(971, 'sanchez', 'pauline', 'pauline', 'pauline.sanchez@isen-ouest.yncrea.fr'),
(972, 'ciceron', 'virginie', 'yncrea', 'virginie.ciceron@isen-ouest.yncrea.fr'),
(973, 'sepehri', 'shima', 'shima', 'shima.sepehri@isen-ouest.yncrea.fr'),
(974, 'tanguy', 'erwan', 'erwan', 'erwan.tanguy@isen-ouest.yncrea.fr'),
(975, 'tanguy', 'franky', 'franky', 'franky.tanguy@isen-ouest.yncrea.fr'),
(976, 'adam', 'thierry', 'thierry', 'thierry.adam@isen-ouest.yncrea.fr'),
(977, 'borel', 'bertrand', 'bertrand', 'bertrand.borel@isen-ouest.yncrea.fr'),
(978, 'boucly', 'kévin', 'kevin', 'kevin.boucly@isen-ouest.yncrea.fr'),
(979, 'corlay', 'morgan', 'morgan', 'morgan.corlay@isen-ouest.yncrea.fr'),
(980, 'coroller', 'loïc', 'loicc', 'loic.coroller@isen-ouest.yncrea.fr'),
(981, 'de sousa lustosa silva', 'lucas', 'lucas', 'lucas.de-sousa-lustosa-silva@isen-ouest.yncrea.fr'),
(982, 'faudeil', 'nathan', 'yncrea', 'nathan.faudeil@isen-ouest.yncrea.fr'),
(983, 'gavancha cassiano', 'fabio', 'fabio', 'fabio.gavancha-cassiano@isen-ouest.yncrea.fr'),
(984, 'guichoux', 'quentin', 'quantin', 'quentin.guichoux@isen-ouest.yncrea.fr'),
(985, 'heller', 'romain', 'romain', 'romain.heller@isen-ouest.yncrea.fr'),
(986, 'ikheneche', 'nacira', 'nacira', 'nacira.ikheneche@isen-ouest.yncrea.fr'),
(987, 'lannurien', 'victor', 'victor', 'victor.lannurien@isen-ouest.yncrea.fr'),
(988, 'laxalde', 'ewen', 'ewen', 'ewen.laxalde@isen-ouest.yncrea.fr'),
(989, 'le dem', 'maïna', 'maina', 'maina.le-dem@isen-ouest.yncrea.fr'),
(990, 'lepelley', 'perrine', 'perrine', 'perrine.lepelley@isen-ouest.yncrea.fr'),
(991, 'le roch', 'gwenn', 'gwenn', 'gwenn.le-roch@isen-ouest.yncrea.fr'),
(992, 'nafoussi', 'hichem', 'hichem', 'hichem.nafoussi@isen-ouest.yncrea.fr'),
(993, 'penfeunteun', 'sylvia', 'sylvia', 'sylvia.penfeunteun@isen-ouest.yncrea.fr'),
(994, 'plessis', 'loïc', 'loicp', 'loic.plessis@isen-ouest.yncrea.fr'),
(995, 'poirier', 'hervé', 'herve', 'herve.poirier@isen-ouest.yncrea.fr'),
(996, 'sanchez', 'pauline', 'pauline', 'pauline.sanchez@isen-ouest.yncrea.fr'),
(997, 'ciceron', 'virginie', 'yncrea', 'virginie.ciceron@isen-ouest.yncrea.fr'),
(998, 'sepehri', 'shima', 'shima', 'shima.sepehri@isen-ouest.yncrea.fr'),
(999, 'tanguy', 'erwan', 'erwan', 'erwan.tanguy@isen-ouest.yncrea.fr'),
(1000, 'tanguy', 'franky', 'franky', 'franky.tanguy@isen-ouest.yncrea.fr'),
(1001, 'adam', 'thierry', 'thierry', 'thierry.adam@isen-ouest.yncrea.fr'),
(1002, 'borel', 'bertrand', 'bertrand', 'bertrand.borel@isen-ouest.yncrea.fr'),
(1003, 'boucly', 'kévin', 'kevin', 'kevin.boucly@isen-ouest.yncrea.fr'),
(1004, 'corlay', 'morgan', 'morgan', 'morgan.corlay@isen-ouest.yncrea.fr'),
(1005, 'coroller', 'loïc', 'loicc', 'loic.coroller@isen-ouest.yncrea.fr'),
(1006, 'de sousa lustosa silva', 'lucas', 'lucas', 'lucas.de-sousa-lustosa-silva@isen-ouest.yncrea.fr'),
(1007, 'faudeil', 'nathan', 'yncrea', 'nathan.faudeil@isen-ouest.yncrea.fr'),
(1008, 'gavancha cassiano', 'fabio', 'fabio', 'fabio.gavancha-cassiano@isen-ouest.yncrea.fr'),
(1009, 'guichoux', 'quentin', 'quantin', 'quentin.guichoux@isen-ouest.yncrea.fr'),
(1010, 'heller', 'romain', 'romain', 'romain.heller@isen-ouest.yncrea.fr'),
(1011, 'ikheneche', 'nacira', 'nacira', 'nacira.ikheneche@isen-ouest.yncrea.fr'),
(1012, 'lannurien', 'victor', 'victor', 'victor.lannurien@isen-ouest.yncrea.fr'),
(1013, 'laxalde', 'ewen', 'ewen', 'ewen.laxalde@isen-ouest.yncrea.fr'),
(1014, 'le dem', 'maïna', 'maina', 'maina.le-dem@isen-ouest.yncrea.fr'),
(1015, 'lepelley', 'perrine', 'perrine', 'perrine.lepelley@isen-ouest.yncrea.fr'),
(1016, 'le roch', 'gwenn', 'gwenn', 'gwenn.le-roch@isen-ouest.yncrea.fr'),
(1017, 'nafoussi', 'hichem', 'hichem', 'hichem.nafoussi@isen-ouest.yncrea.fr'),
(1018, 'penfeunteun', 'sylvia', 'sylvia', 'sylvia.penfeunteun@isen-ouest.yncrea.fr'),
(1019, 'plessis', 'loïc', 'loicp', 'loic.plessis@isen-ouest.yncrea.fr'),
(1020, 'poirier', 'hervé', 'herve', 'herve.poirier@isen-ouest.yncrea.fr'),
(1021, 'sanchez', 'pauline', 'pauline', 'pauline.sanchez@isen-ouest.yncrea.fr'),
(1022, 'ciceron', 'virginie', 'yncrea', 'virginie.ciceron@isen-ouest.yncrea.fr'),
(1023, 'sepehri', 'shima', 'shima', 'shima.sepehri@isen-ouest.yncrea.fr'),
(1024, 'tanguy', 'erwan', 'erwan', 'erwan.tanguy@isen-ouest.yncrea.fr'),
(1025, 'tanguy', 'franky', 'franky', 'franky.tanguy@isen-ouest.yncrea.fr'),
(1026, 'adam', 'thierry', 'thierry', 'thierry.adam@isen-ouest.yncrea.fr'),
(1027, 'borel', 'bertrand', 'bertrand', 'bertrand.borel@isen-ouest.yncrea.fr'),
(1028, 'boucly', 'kévin', 'kevin', 'kevin.boucly@isen-ouest.yncrea.fr'),
(1029, 'corlay', 'morgan', 'morgan', 'morgan.corlay@isen-ouest.yncrea.fr'),
(1030, 'coroller', 'loïc', 'loicc', 'loic.coroller@isen-ouest.yncrea.fr'),
(1031, 'de sousa lustosa silva', 'lucas', 'lucas', 'lucas.de-sousa-lustosa-silva@isen-ouest.yncrea.fr'),
(1032, 'faudeil', 'nathan', 'yncrea', 'nathan.faudeil@isen-ouest.yncrea.fr'),
(1033, 'gavancha cassiano', 'fabio', 'fabio', 'fabio.gavancha-cassiano@isen-ouest.yncrea.fr'),
(1034, 'guichoux', 'quentin', 'quantin', 'quentin.guichoux@isen-ouest.yncrea.fr'),
(1035, 'heller', 'romain', 'romain', 'romain.heller@isen-ouest.yncrea.fr'),
(1036, 'ikheneche', 'nacira', 'nacira', 'nacira.ikheneche@isen-ouest.yncrea.fr'),
(1037, 'lannurien', 'victor', 'victor', 'victor.lannurien@isen-ouest.yncrea.fr'),
(1038, 'laxalde', 'ewen', 'ewen', 'ewen.laxalde@isen-ouest.yncrea.fr'),
(1039, 'le dem', 'maïna', 'maina', 'maina.le-dem@isen-ouest.yncrea.fr'),
(1040, 'lepelley', 'perrine', 'perrine', 'perrine.lepelley@isen-ouest.yncrea.fr'),
(1041, 'le roch', 'gwenn', 'gwenn', 'gwenn.le-roch@isen-ouest.yncrea.fr'),
(1042, 'nafoussi', 'hichem', 'hichem', 'hichem.nafoussi@isen-ouest.yncrea.fr'),
(1043, 'penfeunteun', 'sylvia', 'sylvia', 'sylvia.penfeunteun@isen-ouest.yncrea.fr'),
(1044, 'plessis', 'loïc', 'loicp', 'loic.plessis@isen-ouest.yncrea.fr'),
(1045, 'poirier', 'hervé', 'herve', 'herve.poirier@isen-ouest.yncrea.fr'),
(1046, 'sanchez', 'pauline', 'pauline', 'pauline.sanchez@isen-ouest.yncrea.fr'),
(1047, 'ciceron', 'virginie', 'yncrea', 'virginie.ciceron@isen-ouest.yncrea.fr'),
(1048, 'sepehri', 'shima', 'shima', 'shima.sepehri@isen-ouest.yncrea.fr'),
(1049, 'tanguy', 'erwan', 'erwan', 'erwan.tanguy@isen-ouest.yncrea.fr'),
(1050, 'tanguy', 'franky', 'franky', 'franky.tanguy@isen-ouest.yncrea.fr'),
(1051, 'adam', 'thierry', 'thierry', 'thierry.adam@isen-ouest.yncrea.fr'),
(1052, 'borel', 'bertrand', 'bertrand', 'bertrand.borel@isen-ouest.yncrea.fr'),
(1053, 'boucly', 'kévin', 'kevin', 'kevin.boucly@isen-ouest.yncrea.fr'),
(1054, 'corlay', 'morgan', 'morgan', 'morgan.corlay@isen-ouest.yncrea.fr'),
(1055, 'coroller', 'loïc', 'loicc', 'loic.coroller@isen-ouest.yncrea.fr'),
(1056, 'de sousa lustosa silva', 'lucas', 'lucas', 'lucas.de-sousa-lustosa-silva@isen-ouest.yncrea.fr'),
(1057, 'faudeil', 'nathan', 'yncrea', 'nathan.faudeil@isen-ouest.yncrea.fr'),
(1058, 'gavancha cassiano', 'fabio', 'fabio', 'fabio.gavancha-cassiano@isen-ouest.yncrea.fr'),
(1059, 'guichoux', 'quentin', 'quantin', 'quentin.guichoux@isen-ouest.yncrea.fr'),
(1060, 'heller', 'romain', 'romain', 'romain.heller@isen-ouest.yncrea.fr'),
(1061, 'ikheneche', 'nacira', 'nacira', 'nacira.ikheneche@isen-ouest.yncrea.fr'),
(1062, 'lannurien', 'victor', 'victor', 'victor.lannurien@isen-ouest.yncrea.fr'),
(1063, 'laxalde', 'ewen', 'ewen', 'ewen.laxalde@isen-ouest.yncrea.fr'),
(1064, 'le dem', 'maïna', 'maina', 'maina.le-dem@isen-ouest.yncrea.fr'),
(1065, 'lepelley', 'perrine', 'perrine', 'perrine.lepelley@isen-ouest.yncrea.fr'),
(1066, 'le roch', 'gwenn', 'gwenn', 'gwenn.le-roch@isen-ouest.yncrea.fr'),
(1067, 'nafoussi', 'hichem', 'hichem', 'hichem.nafoussi@isen-ouest.yncrea.fr'),
(1068, 'penfeunteun', 'sylvia', 'sylvia', 'sylvia.penfeunteun@isen-ouest.yncrea.fr'),
(1069, 'plessis', 'loïc', 'loicp', 'loic.plessis@isen-ouest.yncrea.fr'),
(1070, 'poirier', 'hervé', 'herve', 'herve.poirier@isen-ouest.yncrea.fr'),
(1071, 'sanchez', 'pauline', 'pauline', 'pauline.sanchez@isen-ouest.yncrea.fr'),
(1072, 'ciceron', 'virginie', 'yncrea', 'virginie.ciceron@isen-ouest.yncrea.fr'),
(1073, 'sepehri', 'shima', 'shima', 'shima.sepehri@isen-ouest.yncrea.fr'),
(1074, 'tanguy', 'erwan', 'erwan', 'erwan.tanguy@isen-ouest.yncrea.fr'),
(1075, 'tanguy', 'franky', 'franky', 'franky.tanguy@isen-ouest.yncrea.fr'),
(1076, 'adam', 'thierry', 'thierry', 'thierry.adam@isen-ouest.yncrea.fr'),
(1077, 'borel', 'bertrand', 'bertrand', 'bertrand.borel@isen-ouest.yncrea.fr'),
(1078, 'boucly', 'kévin', 'kevin', 'kevin.boucly@isen-ouest.yncrea.fr'),
(1079, 'corlay', 'morgan', 'morgan', 'morgan.corlay@isen-ouest.yncrea.fr'),
(1080, 'coroller', 'loïc', 'loicc', 'loic.coroller@isen-ouest.yncrea.fr'),
(1081, 'de sousa lustosa silva', 'lucas', 'lucas', 'lucas.de-sousa-lustosa-silva@isen-ouest.yncrea.fr'),
(1082, 'faudeil', 'nathan', 'yncrea', 'nathan.faudeil@isen-ouest.yncrea.fr'),
(1083, 'gavancha cassiano', 'fabio', 'fabio', 'fabio.gavancha-cassiano@isen-ouest.yncrea.fr'),
(1084, 'guichoux', 'quentin', 'quantin', 'quentin.guichoux@isen-ouest.yncrea.fr'),
(1085, 'heller', 'romain', 'romain', 'romain.heller@isen-ouest.yncrea.fr'),
(1086, 'ikheneche', 'nacira', 'nacira', 'nacira.ikheneche@isen-ouest.yncrea.fr'),
(1087, 'lannurien', 'victor', 'victor', 'victor.lannurien@isen-ouest.yncrea.fr'),
(1088, 'laxalde', 'ewen', 'ewen', 'ewen.laxalde@isen-ouest.yncrea.fr'),
(1089, 'le dem', 'maïna', 'maina', 'maina.le-dem@isen-ouest.yncrea.fr'),
(1090, 'lepelley', 'perrine', 'perrine', 'perrine.lepelley@isen-ouest.yncrea.fr'),
(1091, 'le roch', 'gwenn', 'gwenn', 'gwenn.le-roch@isen-ouest.yncrea.fr'),
(1092, 'nafoussi', 'hichem', 'hichem', 'hichem.nafoussi@isen-ouest.yncrea.fr'),
(1093, 'penfeunteun', 'sylvia', 'sylvia', 'sylvia.penfeunteun@isen-ouest.yncrea.fr'),
(1094, 'plessis', 'loïc', 'loicp', 'loic.plessis@isen-ouest.yncrea.fr'),
(1095, 'poirier', 'hervé', 'herve', 'herve.poirier@isen-ouest.yncrea.fr'),
(1096, 'sanchez', 'pauline', 'pauline', 'pauline.sanchez@isen-ouest.yncrea.fr'),
(1097, 'ciceron', 'virginie', 'yncrea', 'virginie.ciceron@isen-ouest.yncrea.fr'),
(1098, 'sepehri', 'shima', 'shima', 'shima.sepehri@isen-ouest.yncrea.fr'),
(1099, 'tanguy', 'erwan', 'erwan', 'erwan.tanguy@isen-ouest.yncrea.fr'),
(1100, 'tanguy', 'franky', 'franky', 'franky.tanguy@isen-ouest.yncrea.fr'),
(1101, 'adam', 'thierry', 'thierry', 'thierry.adam@isen-ouest.yncrea.fr'),
(1102, 'borel', 'bertrand', 'bertrand', 'bertrand.borel@isen-ouest.yncrea.fr'),
(1103, 'boucly', 'kévin', 'kevin', 'kevin.boucly@isen-ouest.yncrea.fr'),
(1104, 'corlay', 'morgan', 'morgan', 'morgan.corlay@isen-ouest.yncrea.fr'),
(1105, 'coroller', 'loïc', 'loicc', 'loic.coroller@isen-ouest.yncrea.fr'),
(1106, 'de sousa lustosa silva', 'lucas', 'lucas', 'lucas.de-sousa-lustosa-silva@isen-ouest.yncrea.fr'),
(1107, 'faudeil', 'nathan', 'yncrea', 'nathan.faudeil@isen-ouest.yncrea.fr'),
(1108, 'gavancha cassiano', 'fabio', 'fabio', 'fabio.gavancha-cassiano@isen-ouest.yncrea.fr'),
(1109, 'guichoux', 'quentin', 'quantin', 'quentin.guichoux@isen-ouest.yncrea.fr'),
(1110, 'heller', 'romain', 'romain', 'romain.heller@isen-ouest.yncrea.fr'),
(1111, 'ikheneche', 'nacira', 'nacira', 'nacira.ikheneche@isen-ouest.yncrea.fr'),
(1112, 'lannurien', 'victor', 'victor', 'victor.lannurien@isen-ouest.yncrea.fr'),
(1113, 'laxalde', 'ewen', 'ewen', 'ewen.laxalde@isen-ouest.yncrea.fr'),
(1114, 'le dem', 'maïna', 'maina', 'maina.le-dem@isen-ouest.yncrea.fr'),
(1115, 'lepelley', 'perrine', 'perrine', 'perrine.lepelley@isen-ouest.yncrea.fr'),
(1116, 'le roch', 'gwenn', 'gwenn', 'gwenn.le-roch@isen-ouest.yncrea.fr'),
(1117, 'nafoussi', 'hichem', 'hichem', 'hichem.nafoussi@isen-ouest.yncrea.fr'),
(1118, 'penfeunteun', 'sylvia', 'sylvia', 'sylvia.penfeunteun@isen-ouest.yncrea.fr'),
(1119, 'plessis', 'loïc', 'loicp', 'loic.plessis@isen-ouest.yncrea.fr'),
(1120, 'poirier', 'hervé', 'herve', 'herve.poirier@isen-ouest.yncrea.fr'),
(1121, 'sanchez', 'pauline', 'pauline', 'pauline.sanchez@isen-ouest.yncrea.fr'),
(1122, 'ciceron', 'virginie', 'yncrea', 'virginie.ciceron@isen-ouest.yncrea.fr'),
(1123, 'sepehri', 'shima', 'shima', 'shima.sepehri@isen-ouest.yncrea.fr'),
(1124, 'tanguy', 'erwan', 'erwan', 'erwan.tanguy@isen-ouest.yncrea.fr'),
(1125, 'tanguy', 'franky', 'franky', 'franky.tanguy@isen-ouest.yncrea.fr'),
(1126, 'adam', 'thierry', 'thierry', 'thierry.adam@isen-ouest.yncrea.fr'),
(1127, 'borel', 'bertrand', 'bertrand', 'bertrand.borel@isen-ouest.yncrea.fr'),
(1128, 'boucly', 'kévin', 'kevin', 'kevin.boucly@isen-ouest.yncrea.fr'),
(1129, 'corlay', 'morgan', 'morgan', 'morgan.corlay@isen-ouest.yncrea.fr'),
(1130, 'coroller', 'loïc', 'loicc', 'loic.coroller@isen-ouest.yncrea.fr'),
(1131, 'de sousa lustosa silva', 'lucas', 'lucas', 'lucas.de-sousa-lustosa-silva@isen-ouest.yncrea.fr'),
(1132, 'faudeil', 'nathan', 'yncrea', 'nathan.faudeil@isen-ouest.yncrea.fr'),
(1133, 'gavancha cassiano', 'fabio', 'fabio', 'fabio.gavancha-cassiano@isen-ouest.yncrea.fr'),
(1134, 'guichoux', 'quentin', 'quantin', 'quentin.guichoux@isen-ouest.yncrea.fr'),
(1135, 'heller', 'romain', 'romain', 'romain.heller@isen-ouest.yncrea.fr'),
(1136, 'ikheneche', 'nacira', 'nacira', 'nacira.ikheneche@isen-ouest.yncrea.fr'),
(1137, 'lannurien', 'victor', 'victor', 'victor.lannurien@isen-ouest.yncrea.fr'),
(1138, 'laxalde', 'ewen', 'ewen', 'ewen.laxalde@isen-ouest.yncrea.fr'),
(1139, 'le dem', 'maïna', 'maina', 'maina.le-dem@isen-ouest.yncrea.fr'),
(1140, 'lepelley', 'perrine', 'perrine', 'perrine.lepelley@isen-ouest.yncrea.fr'),
(1141, 'le roch', 'gwenn', 'gwenn', 'gwenn.le-roch@isen-ouest.yncrea.fr'),
(1142, 'nafoussi', 'hichem', 'hichem', 'hichem.nafoussi@isen-ouest.yncrea.fr'),
(1143, 'penfeunteun', 'sylvia', 'sylvia', 'sylvia.penfeunteun@isen-ouest.yncrea.fr'),
(1144, 'plessis', 'loïc', 'loicp', 'loic.plessis@isen-ouest.yncrea.fr'),
(1145, 'poirier', 'hervé', 'herve', 'herve.poirier@isen-ouest.yncrea.fr'),
(1146, 'sanchez', 'pauline', 'pauline', 'pauline.sanchez@isen-ouest.yncrea.fr'),
(1147, 'ciceron', 'virginie', 'yncrea', 'virginie.ciceron@isen-ouest.yncrea.fr'),
(1148, 'sepehri', 'shima', 'shima', 'shima.sepehri@isen-ouest.yncrea.fr'),
(1149, 'tanguy', 'erwan', 'erwan', 'erwan.tanguy@isen-ouest.yncrea.fr'),
(1150, 'tanguy', 'franky', 'franky', 'franky.tanguy@isen-ouest.yncrea.fr'),
(1151, 'adam', 'thierry', 'thierry', 'thierry.adam@isen-ouest.yncrea.fr'),
(1152, 'borel', 'bertrand', 'bertrand', 'bertrand.borel@isen-ouest.yncrea.fr'),
(1153, 'boucly', 'kévin', 'kevin', 'kevin.boucly@isen-ouest.yncrea.fr'),
(1154, 'corlay', 'morgan', 'morgan', 'morgan.corlay@isen-ouest.yncrea.fr'),
(1155, 'coroller', 'loïc', 'loicc', 'loic.coroller@isen-ouest.yncrea.fr'),
(1156, 'de sousa lustosa silva', 'lucas', 'lucas', 'lucas.de-sousa-lustosa-silva@isen-ouest.yncrea.fr'),
(1157, 'faudeil', 'nathan', 'yncrea', 'nathan.faudeil@isen-ouest.yncrea.fr'),
(1158, 'gavancha cassiano', 'fabio', 'fabio', 'fabio.gavancha-cassiano@isen-ouest.yncrea.fr'),
(1159, 'guichoux', 'quentin', 'quantin', 'quentin.guichoux@isen-ouest.yncrea.fr'),
(1160, 'heller', 'romain', 'romain', 'romain.heller@isen-ouest.yncrea.fr'),
(1161, 'ikheneche', 'nacira', 'nacira', 'nacira.ikheneche@isen-ouest.yncrea.fr'),
(1162, 'lannurien', 'victor', 'victor', 'victor.lannurien@isen-ouest.yncrea.fr'),
(1163, 'laxalde', 'ewen', 'ewen', 'ewen.laxalde@isen-ouest.yncrea.fr'),
(1164, 'le dem', 'maïna', 'maina', 'maina.le-dem@isen-ouest.yncrea.fr'),
(1165, 'lepelley', 'perrine', 'perrine', 'perrine.lepelley@isen-ouest.yncrea.fr'),
(1166, 'le roch', 'gwenn', 'gwenn', 'gwenn.le-roch@isen-ouest.yncrea.fr'),
(1167, 'nafoussi', 'hichem', 'hichem', 'hichem.nafoussi@isen-ouest.yncrea.fr'),
(1168, 'penfeunteun', 'sylvia', 'sylvia', 'sylvia.penfeunteun@isen-ouest.yncrea.fr'),
(1169, 'plessis', 'loïc', 'loicp', 'loic.plessis@isen-ouest.yncrea.fr'),
(1170, 'poirier', 'hervé', 'herve', 'herve.poirier@isen-ouest.yncrea.fr'),
(1171, 'sanchez', 'pauline', 'pauline', 'pauline.sanchez@isen-ouest.yncrea.fr'),
(1172, 'ciceron', 'virginie', 'yncrea', 'virginie.ciceron@isen-ouest.yncrea.fr'),
(1173, 'sepehri', 'shima', 'shima', 'shima.sepehri@isen-ouest.yncrea.fr'),
(1174, 'tanguy', 'erwan', 'erwan', 'erwan.tanguy@isen-ouest.yncrea.fr'),
(1175, 'tanguy', 'franky', 'franky', 'franky.tanguy@isen-ouest.yncrea.fr'),
(1176, 'adam', 'thierry', 'thierry', 'thierry.adam@isen-ouest.yncrea.fr'),
(1177, 'borel', 'bertrand', 'bertrand', 'bertrand.borel@isen-ouest.yncrea.fr'),
(1178, 'boucly', 'kévin', 'kevin', 'kevin.boucly@isen-ouest.yncrea.fr'),
(1179, 'corlay', 'morgan', 'morgan', 'morgan.corlay@isen-ouest.yncrea.fr'),
(1180, 'coroller', 'loïc', 'loicc', 'loic.coroller@isen-ouest.yncrea.fr'),
(1181, 'de sousa lustosa silva', 'lucas', 'lucas', 'lucas.de-sousa-lustosa-silva@isen-ouest.yncrea.fr'),
(1182, 'faudeil', 'nathan', 'yncrea', 'nathan.faudeil@isen-ouest.yncrea.fr'),
(1183, 'gavancha cassiano', 'fabio', 'fabio', 'fabio.gavancha-cassiano@isen-ouest.yncrea.fr'),
(1184, 'guichoux', 'quentin', 'quantin', 'quentin.guichoux@isen-ouest.yncrea.fr'),
(1185, 'heller', 'romain', 'romain', 'romain.heller@isen-ouest.yncrea.fr'),
(1186, 'ikheneche', 'nacira', 'nacira', 'nacira.ikheneche@isen-ouest.yncrea.fr'),
(1187, 'lannurien', 'victor', 'victor', 'victor.lannurien@isen-ouest.yncrea.fr'),
(1188, 'laxalde', 'ewen', 'ewen', 'ewen.laxalde@isen-ouest.yncrea.fr'),
(1189, 'le dem', 'maïna', 'maina', 'maina.le-dem@isen-ouest.yncrea.fr'),
(1190, 'lepelley', 'perrine', 'perrine', 'perrine.lepelley@isen-ouest.yncrea.fr'),
(1191, 'le roch', 'gwenn', 'gwenn', 'gwenn.le-roch@isen-ouest.yncrea.fr'),
(1192, 'nafoussi', 'hichem', 'hichem', 'hichem.nafoussi@isen-ouest.yncrea.fr'),
(1193, 'penfeunteun', 'sylvia', 'sylvia', 'sylvia.penfeunteun@isen-ouest.yncrea.fr'),
(1194, 'plessis', 'loïc', 'loicp', 'loic.plessis@isen-ouest.yncrea.fr'),
(1195, 'poirier', 'hervé', 'herve', 'herve.poirier@isen-ouest.yncrea.fr'),
(1196, 'sanchez', 'pauline', 'pauline', 'pauline.sanchez@isen-ouest.yncrea.fr'),
(1197, 'ciceron', 'virginie', 'yncrea', 'virginie.ciceron@isen-ouest.yncrea.fr'),
(1198, 'sepehri', 'shima', 'shima', 'shima.sepehri@isen-ouest.yncrea.fr'),
(1199, 'tanguy', 'erwan', 'erwan', 'erwan.tanguy@isen-ouest.yncrea.fr'),
(1200, 'tanguy', 'franky', 'franky', 'franky.tanguy@isen-ouest.yncrea.fr'),
(1201, 'adam', 'thierry', 'thierry', 'thierry.adam@isen-ouest.yncrea.fr'),
(1202, 'borel', 'bertrand', 'bertrand', 'bertrand.borel@isen-ouest.yncrea.fr'),
(1203, 'boucly', 'kévin', 'kevin', 'kevin.boucly@isen-ouest.yncrea.fr'),
(1204, 'corlay', 'morgan', 'morgan', 'morgan.corlay@isen-ouest.yncrea.fr'),
(1205, 'coroller', 'loïc', 'loicc', 'loic.coroller@isen-ouest.yncrea.fr'),
(1206, 'de sousa lustosa silva', 'lucas', 'lucas', 'lucas.de-sousa-lustosa-silva@isen-ouest.yncrea.fr'),
(1207, 'faudeil', 'nathan', 'yncrea', 'nathan.faudeil@isen-ouest.yncrea.fr'),
(1208, 'gavancha cassiano', 'fabio', 'fabio', 'fabio.gavancha-cassiano@isen-ouest.yncrea.fr'),
(1209, 'guichoux', 'quentin', 'quantin', 'quentin.guichoux@isen-ouest.yncrea.fr'),
(1210, 'heller', 'romain', 'romain', 'romain.heller@isen-ouest.yncrea.fr'),
(1211, 'ikheneche', 'nacira', 'nacira', 'nacira.ikheneche@isen-ouest.yncrea.fr'),
(1212, 'lannurien', 'victor', 'victor', 'victor.lannurien@isen-ouest.yncrea.fr'),
(1213, 'laxalde', 'ewen', 'ewen', 'ewen.laxalde@isen-ouest.yncrea.fr'),
(1214, 'le dem', 'maïna', 'maina', 'maina.le-dem@isen-ouest.yncrea.fr'),
(1215, 'lepelley', 'perrine', 'perrine', 'perrine.lepelley@isen-ouest.yncrea.fr'),
(1216, 'le roch', 'gwenn', 'gwenn', 'gwenn.le-roch@isen-ouest.yncrea.fr'),
(1217, 'nafoussi', 'hichem', 'hichem', 'hichem.nafoussi@isen-ouest.yncrea.fr'),
(1218, 'penfeunteun', 'sylvia', 'sylvia', 'sylvia.penfeunteun@isen-ouest.yncrea.fr'),
(1219, 'plessis', 'loïc', 'loicp', 'loic.plessis@isen-ouest.yncrea.fr'),
(1220, 'poirier', 'hervé', 'herve', 'herve.poirier@isen-ouest.yncrea.fr'),
(1221, 'sanchez', 'pauline', 'pauline', 'pauline.sanchez@isen-ouest.yncrea.fr'),
(1222, 'ciceron', 'virginie', 'yncrea', 'virginie.ciceron@isen-ouest.yncrea.fr'),
(1223, 'sepehri', 'shima', 'shima', 'shima.sepehri@isen-ouest.yncrea.fr'),
(1224, 'tanguy', 'erwan', 'erwan', 'erwan.tanguy@isen-ouest.yncrea.fr'),
(1225, 'tanguy', 'franky', 'franky', 'franky.tanguy@isen-ouest.yncrea.fr'),
(1226, 'adam', 'thierry', 'thierry', 'thierry.adam@isen-ouest.yncrea.fr'),
(1227, 'borel', 'bertrand', 'bertrand', 'bertrand.borel@isen-ouest.yncrea.fr'),
(1228, 'boucly', 'kévin', 'kevin', 'kevin.boucly@isen-ouest.yncrea.fr'),
(1229, 'corlay', 'morgan', 'morgan', 'morgan.corlay@isen-ouest.yncrea.fr'),
(1230, 'coroller', 'loïc', 'loicc', 'loic.coroller@isen-ouest.yncrea.fr'),
(1231, 'de sousa lustosa silva', 'lucas', 'lucas', 'lucas.de-sousa-lustosa-silva@isen-ouest.yncrea.fr'),
(1232, 'faudeil', 'nathan', 'yncrea', 'nathan.faudeil@isen-ouest.yncrea.fr'),
(1233, 'gavancha cassiano', 'fabio', 'fabio', 'fabio.gavancha-cassiano@isen-ouest.yncrea.fr'),
(1234, 'guichoux', 'quentin', 'quantin', 'quentin.guichoux@isen-ouest.yncrea.fr'),
(1235, 'heller', 'romain', 'romain', 'romain.heller@isen-ouest.yncrea.fr'),
(1236, 'ikheneche', 'nacira', 'nacira', 'nacira.ikheneche@isen-ouest.yncrea.fr'),
(1237, 'lannurien', 'victor', 'victor', 'victor.lannurien@isen-ouest.yncrea.fr'),
(1238, 'laxalde', 'ewen', 'ewen', 'ewen.laxalde@isen-ouest.yncrea.fr'),
(1239, 'le dem', 'maïna', 'maina', 'maina.le-dem@isen-ouest.yncrea.fr'),
(1240, 'lepelley', 'perrine', 'perrine', 'perrine.lepelley@isen-ouest.yncrea.fr'),
(1241, 'le roch', 'gwenn', 'gwenn', 'gwenn.le-roch@isen-ouest.yncrea.fr'),
(1242, 'nafoussi', 'hichem', 'hichem', 'hichem.nafoussi@isen-ouest.yncrea.fr'),
(1243, 'penfeunteun', 'sylvia', 'sylvia', 'sylvia.penfeunteun@isen-ouest.yncrea.fr'),
(1244, 'plessis', 'loïc', 'loicp', 'loic.plessis@isen-ouest.yncrea.fr'),
(1245, 'poirier', 'hervé', 'herve', 'herve.poirier@isen-ouest.yncrea.fr'),
(1246, 'sanchez', 'pauline', 'pauline', 'pauline.sanchez@isen-ouest.yncrea.fr'),
(1247, 'ciceron', 'virginie', 'yncrea', 'virginie.ciceron@isen-ouest.yncrea.fr'),
(1248, 'sepehri', 'shima', 'shima', 'shima.sepehri@isen-ouest.yncrea.fr'),
(1249, 'tanguy', 'erwan', 'erwan', 'erwan.tanguy@isen-ouest.yncrea.fr'),
(1250, 'tanguy', 'franky', 'franky', 'franky.tanguy@isen-ouest.yncrea.fr'),
(1251, 'adam', 'thierry', 'thierry', 'thierry.adam@isen-ouest.yncrea.fr'),
(1252, 'borel', 'bertrand', 'bertrand', 'bertrand.borel@isen-ouest.yncrea.fr'),
(1253, 'boucly', 'kévin', 'kevin', 'kevin.boucly@isen-ouest.yncrea.fr'),
(1254, 'corlay', 'morgan', 'morgan', 'morgan.corlay@isen-ouest.yncrea.fr'),
(1255, 'coroller', 'loïc', 'loicc', 'loic.coroller@isen-ouest.yncrea.fr'),
(1256, 'de sousa lustosa silva', 'lucas', 'lucas', 'lucas.de-sousa-lustosa-silva@isen-ouest.yncrea.fr'),
(1257, 'faudeil', 'nathan', 'yncrea', 'nathan.faudeil@isen-ouest.yncrea.fr'),
(1258, 'gavancha cassiano', 'fabio', 'fabio', 'fabio.gavancha-cassiano@isen-ouest.yncrea.fr'),
(1259, 'guichoux', 'quentin', 'quantin', 'quentin.guichoux@isen-ouest.yncrea.fr'),
(1260, 'heller', 'romain', 'romain', 'romain.heller@isen-ouest.yncrea.fr'),
(1261, 'ikheneche', 'nacira', 'nacira', 'nacira.ikheneche@isen-ouest.yncrea.fr'),
(1262, 'lannurien', 'victor', 'victor', 'victor.lannurien@isen-ouest.yncrea.fr'),
(1263, 'laxalde', 'ewen', 'ewen', 'ewen.laxalde@isen-ouest.yncrea.fr'),
(1264, 'le dem', 'maïna', 'maina', 'maina.le-dem@isen-ouest.yncrea.fr'),
(1265, 'lepelley', 'perrine', 'perrine', 'perrine.lepelley@isen-ouest.yncrea.fr'),
(1266, 'le roch', 'gwenn', 'gwenn', 'gwenn.le-roch@isen-ouest.yncrea.fr'),
(1267, 'nafoussi', 'hichem', 'hichem', 'hichem.nafoussi@isen-ouest.yncrea.fr'),
(1268, 'penfeunteun', 'sylvia', 'sylvia', 'sylvia.penfeunteun@isen-ouest.yncrea.fr'),
(1269, 'plessis', 'loïc', 'loicp', 'loic.plessis@isen-ouest.yncrea.fr'),
(1270, 'poirier', 'hervé', 'herve', 'herve.poirier@isen-ouest.yncrea.fr'),
(1271, 'sanchez', 'pauline', 'pauline', 'pauline.sanchez@isen-ouest.yncrea.fr'),
(1272, 'ciceron', 'virginie', 'yncrea', 'virginie.ciceron@isen-ouest.yncrea.fr'),
(1273, 'sepehri', 'shima', 'shima', 'shima.sepehri@isen-ouest.yncrea.fr'),
(1274, 'tanguy', 'erwan', 'erwan', 'erwan.tanguy@isen-ouest.yncrea.fr'),
(1275, 'tanguy', 'franky', 'franky', 'franky.tanguy@isen-ouest.yncrea.fr'),
(1276, 'adam', 'thierry', 'thierry', 'thierry.adam@isen-ouest.yncrea.fr'),
(1277, 'borel', 'bertrand', 'bertrand', 'bertrand.borel@isen-ouest.yncrea.fr'),
(1278, 'boucly', 'kévin', 'kevin', 'kevin.boucly@isen-ouest.yncrea.fr'),
(1279, 'corlay', 'morgan', 'morgan', 'morgan.corlay@isen-ouest.yncrea.fr'),
(1280, 'coroller', 'loïc', 'loicc', 'loic.coroller@isen-ouest.yncrea.fr'),
(1281, 'de sousa lustosa silva', 'lucas', 'lucas', 'lucas.de-sousa-lustosa-silva@isen-ouest.yncrea.fr'),
(1282, 'faudeil', 'nathan', 'yncrea', 'nathan.faudeil@isen-ouest.yncrea.fr'),
(1283, 'gavancha cassiano', 'fabio', 'fabio', 'fabio.gavancha-cassiano@isen-ouest.yncrea.fr'),
(1284, 'guichoux', 'quentin', 'quantin', 'quentin.guichoux@isen-ouest.yncrea.fr'),
(1285, 'heller', 'romain', 'romain', 'romain.heller@isen-ouest.yncrea.fr'),
(1286, 'ikheneche', 'nacira', 'nacira', 'nacira.ikheneche@isen-ouest.yncrea.fr'),
(1287, 'lannurien', 'victor', 'victor', 'victor.lannurien@isen-ouest.yncrea.fr'),
(1288, 'laxalde', 'ewen', 'ewen', 'ewen.laxalde@isen-ouest.yncrea.fr'),
(1289, 'le dem', 'maïna', 'maina', 'maina.le-dem@isen-ouest.yncrea.fr'),
(1290, 'lepelley', 'perrine', 'perrine', 'perrine.lepelley@isen-ouest.yncrea.fr'),
(1291, 'le roch', 'gwenn', 'gwenn', 'gwenn.le-roch@isen-ouest.yncrea.fr'),
(1292, 'nafoussi', 'hichem', 'hichem', 'hichem.nafoussi@isen-ouest.yncrea.fr'),
(1293, 'penfeunteun', 'sylvia', 'sylvia', 'sylvia.penfeunteun@isen-ouest.yncrea.fr'),
(1294, 'plessis', 'loïc', 'loicp', 'loic.plessis@isen-ouest.yncrea.fr'),
(1295, 'poirier', 'hervé', 'herve', 'herve.poirier@isen-ouest.yncrea.fr'),
(1296, 'sanchez', 'pauline', 'pauline', 'pauline.sanchez@isen-ouest.yncrea.fr'),
(1297, 'ciceron', 'virginie', 'yncrea', 'virginie.ciceron@isen-ouest.yncrea.fr'),
(1298, 'sepehri', 'shima', 'shima', 'shima.sepehri@isen-ouest.yncrea.fr'),
(1299, 'tanguy', 'erwan', 'erwan', 'erwan.tanguy@isen-ouest.yncrea.fr'),
(1300, 'tanguy', 'franky', 'franky', 'franky.tanguy@isen-ouest.yncrea.fr'),
(1301, 'adam', 'thierry', 'thierry', 'thierry.adam@isen-ouest.yncrea.fr'),
(1302, 'borel', 'bertrand', 'bertrand', 'bertrand.borel@isen-ouest.yncrea.fr'),
(1303, 'boucly', 'kévin', 'kevin', 'kevin.boucly@isen-ouest.yncrea.fr'),
(1304, 'corlay', 'morgan', 'morgan', 'morgan.corlay@isen-ouest.yncrea.fr');
INSERT INTO `personnes2` (`id_personne`, `nom`, `prenom`, `photo`, `email`) VALUES
(1305, 'coroller', 'loïc', 'loicc', 'loic.coroller@isen-ouest.yncrea.fr'),
(1306, 'de sousa lustosa silva', 'lucas', 'lucas', 'lucas.de-sousa-lustosa-silva@isen-ouest.yncrea.fr'),
(1307, 'faudeil', 'nathan', 'yncrea', 'nathan.faudeil@isen-ouest.yncrea.fr'),
(1308, 'gavancha cassiano', 'fabio', 'fabio', 'fabio.gavancha-cassiano@isen-ouest.yncrea.fr'),
(1309, 'guichoux', 'quentin', 'quantin', 'quentin.guichoux@isen-ouest.yncrea.fr'),
(1310, 'heller', 'romain', 'romain', 'romain.heller@isen-ouest.yncrea.fr'),
(1311, 'ikheneche', 'nacira', 'nacira', 'nacira.ikheneche@isen-ouest.yncrea.fr'),
(1312, 'lannurien', 'victor', 'victor', 'victor.lannurien@isen-ouest.yncrea.fr'),
(1313, 'laxalde', 'ewen', 'ewen', 'ewen.laxalde@isen-ouest.yncrea.fr'),
(1314, 'le dem', 'maïna', 'maina', 'maina.le-dem@isen-ouest.yncrea.fr'),
(1315, 'lepelley', 'perrine', 'perrine', 'perrine.lepelley@isen-ouest.yncrea.fr'),
(1316, 'le roch', 'gwenn', 'gwenn', 'gwenn.le-roch@isen-ouest.yncrea.fr'),
(1317, 'nafoussi', 'hichem', 'hichem', 'hichem.nafoussi@isen-ouest.yncrea.fr'),
(1318, 'penfeunteun', 'sylvia', 'sylvia', 'sylvia.penfeunteun@isen-ouest.yncrea.fr'),
(1319, 'plessis', 'loïc', 'loicp', 'loic.plessis@isen-ouest.yncrea.fr'),
(1320, 'poirier', 'hervé', 'herve', 'herve.poirier@isen-ouest.yncrea.fr'),
(1321, 'sanchez', 'pauline', 'pauline', 'pauline.sanchez@isen-ouest.yncrea.fr'),
(1322, 'ciceron', 'virginie', 'yncrea', 'virginie.ciceron@isen-ouest.yncrea.fr'),
(1323, 'sepehri', 'shima', 'shima', 'shima.sepehri@isen-ouest.yncrea.fr'),
(1324, 'tanguy', 'erwan', 'erwan', 'erwan.tanguy@isen-ouest.yncrea.fr'),
(1325, 'tanguy', 'franky', 'franky', 'franky.tanguy@isen-ouest.yncrea.fr'),
(1326, 'adam', 'thierry', 'thierry', 'thierry.adam@isen-ouest.yncrea.fr'),
(1327, 'borel', 'bertrand', 'bertrand', 'bertrand.borel@isen-ouest.yncrea.fr'),
(1328, 'boucly', 'kévin', 'kevin', 'kevin.boucly@isen-ouest.yncrea.fr'),
(1329, 'corlay', 'morgan', 'morgan', 'morgan.corlay@isen-ouest.yncrea.fr'),
(1330, 'coroller', 'loïc', 'loicc', 'loic.coroller@isen-ouest.yncrea.fr'),
(1331, 'de sousa lustosa silva', 'lucas', 'lucas', 'lucas.de-sousa-lustosa-silva@isen-ouest.yncrea.fr'),
(1332, 'faudeil', 'nathan', 'yncrea', 'nathan.faudeil@isen-ouest.yncrea.fr'),
(1333, 'gavancha cassiano', 'fabio', 'fabio', 'fabio.gavancha-cassiano@isen-ouest.yncrea.fr'),
(1334, 'guichoux', 'quentin', 'quantin', 'quentin.guichoux@isen-ouest.yncrea.fr'),
(1335, 'heller', 'romain', 'romain', 'romain.heller@isen-ouest.yncrea.fr'),
(1336, 'ikheneche', 'nacira', 'nacira', 'nacira.ikheneche@isen-ouest.yncrea.fr'),
(1337, 'lannurien', 'victor', 'victor', 'victor.lannurien@isen-ouest.yncrea.fr'),
(1338, 'laxalde', 'ewen', 'ewen', 'ewen.laxalde@isen-ouest.yncrea.fr'),
(1339, 'le dem', 'maïna', 'maina', 'maina.le-dem@isen-ouest.yncrea.fr'),
(1340, 'lepelley', 'perrine', 'perrine', 'perrine.lepelley@isen-ouest.yncrea.fr'),
(1341, 'le roch', 'gwenn', 'gwenn', 'gwenn.le-roch@isen-ouest.yncrea.fr'),
(1342, 'nafoussi', 'hichem', 'hichem', 'hichem.nafoussi@isen-ouest.yncrea.fr'),
(1343, 'penfeunteun', 'sylvia', 'sylvia', 'sylvia.penfeunteun@isen-ouest.yncrea.fr'),
(1344, 'plessis', 'loïc', 'loicp', 'loic.plessis@isen-ouest.yncrea.fr'),
(1345, 'poirier', 'hervé', 'herve', 'herve.poirier@isen-ouest.yncrea.fr'),
(1346, 'sanchez', 'pauline', 'pauline', 'pauline.sanchez@isen-ouest.yncrea.fr'),
(1347, 'ciceron', 'virginie', 'yncrea', 'virginie.ciceron@isen-ouest.yncrea.fr'),
(1348, 'sepehri', 'shima', 'shima', 'shima.sepehri@isen-ouest.yncrea.fr'),
(1349, 'tanguy', 'erwan', 'erwan', 'erwan.tanguy@isen-ouest.yncrea.fr'),
(1350, 'tanguy', 'franky', 'franky', 'franky.tanguy@isen-ouest.yncrea.fr'),
(1351, 'adam', 'thierry', 'thierry', 'thierry.adam@isen-ouest.yncrea.fr'),
(1352, 'borel', 'bertrand', 'bertrand', 'bertrand.borel@isen-ouest.yncrea.fr'),
(1353, 'boucly', 'kévin', 'kevin', 'kevin.boucly@isen-ouest.yncrea.fr'),
(1354, 'corlay', 'morgan', 'morgan', 'morgan.corlay@isen-ouest.yncrea.fr'),
(1355, 'coroller', 'loïc', 'loicc', 'loic.coroller@isen-ouest.yncrea.fr'),
(1356, 'de sousa lustosa silva', 'lucas', 'lucas', 'lucas.de-sousa-lustosa-silva@isen-ouest.yncrea.fr'),
(1357, 'faudeil', 'nathan', 'yncrea', 'nathan.faudeil@isen-ouest.yncrea.fr'),
(1358, 'gavancha cassiano', 'fabio', 'fabio', 'fabio.gavancha-cassiano@isen-ouest.yncrea.fr'),
(1359, 'guichoux', 'quentin', 'quantin', 'quentin.guichoux@isen-ouest.yncrea.fr'),
(1360, 'heller', 'romain', 'romain', 'romain.heller@isen-ouest.yncrea.fr'),
(1361, 'ikheneche', 'nacira', 'nacira', 'nacira.ikheneche@isen-ouest.yncrea.fr'),
(1362, 'lannurien', 'victor', 'victor', 'victor.lannurien@isen-ouest.yncrea.fr'),
(1363, 'laxalde', 'ewen', 'ewen', 'ewen.laxalde@isen-ouest.yncrea.fr'),
(1364, 'le dem', 'maïna', 'maina', 'maina.le-dem@isen-ouest.yncrea.fr'),
(1365, 'lepelley', 'perrine', 'perrine', 'perrine.lepelley@isen-ouest.yncrea.fr'),
(1366, 'le roch', 'gwenn', 'gwenn', 'gwenn.le-roch@isen-ouest.yncrea.fr'),
(1367, 'nafoussi', 'hichem', 'hichem', 'hichem.nafoussi@isen-ouest.yncrea.fr'),
(1368, 'penfeunteun', 'sylvia', 'sylvia', 'sylvia.penfeunteun@isen-ouest.yncrea.fr'),
(1369, 'plessis', 'loïc', 'loicp', 'loic.plessis@isen-ouest.yncrea.fr'),
(1370, 'poirier', 'hervé', 'herve', 'herve.poirier@isen-ouest.yncrea.fr'),
(1371, 'sanchez', 'pauline', 'pauline', 'pauline.sanchez@isen-ouest.yncrea.fr'),
(1372, 'ciceron', 'virginie', 'yncrea', 'virginie.ciceron@isen-ouest.yncrea.fr'),
(1373, 'sepehri', 'shima', 'shima', 'shima.sepehri@isen-ouest.yncrea.fr'),
(1374, 'tanguy', 'erwan', 'erwan', 'erwan.tanguy@isen-ouest.yncrea.fr'),
(1375, 'tanguy', 'franky', 'franky', 'franky.tanguy@isen-ouest.yncrea.fr'),
(1376, 'adam', 'thierry', 'thierry', 'thierry.adam@isen-ouest.yncrea.fr'),
(1377, 'borel', 'bertrand', 'bertrand', 'bertrand.borel@isen-ouest.yncrea.fr'),
(1378, 'boucly', 'kévin', 'kevin', 'kevin.boucly@isen-ouest.yncrea.fr'),
(1379, 'corlay', 'morgan', 'morgan', 'morgan.corlay@isen-ouest.yncrea.fr'),
(1380, 'coroller', 'loïc', 'loicc', 'loic.coroller@isen-ouest.yncrea.fr'),
(1381, 'de sousa lustosa silva', 'lucas', 'lucas', 'lucas.de-sousa-lustosa-silva@isen-ouest.yncrea.fr'),
(1382, 'faudeil', 'nathan', 'yncrea', 'nathan.faudeil@isen-ouest.yncrea.fr'),
(1383, 'gavancha cassiano', 'fabio', 'fabio', 'fabio.gavancha-cassiano@isen-ouest.yncrea.fr'),
(1384, 'guichoux', 'quentin', 'quantin', 'quentin.guichoux@isen-ouest.yncrea.fr'),
(1385, 'heller', 'romain', 'romain', 'romain.heller@isen-ouest.yncrea.fr'),
(1386, 'ikheneche', 'nacira', 'nacira', 'nacira.ikheneche@isen-ouest.yncrea.fr'),
(1387, 'lannurien', 'victor', 'victor', 'victor.lannurien@isen-ouest.yncrea.fr'),
(1388, 'laxalde', 'ewen', 'ewen', 'ewen.laxalde@isen-ouest.yncrea.fr'),
(1389, 'le dem', 'maïna', 'maina', 'maina.le-dem@isen-ouest.yncrea.fr'),
(1390, 'lepelley', 'perrine', 'perrine', 'perrine.lepelley@isen-ouest.yncrea.fr'),
(1391, 'le roch', 'gwenn', 'gwenn', 'gwenn.le-roch@isen-ouest.yncrea.fr'),
(1392, 'nafoussi', 'hichem', 'hichem', 'hichem.nafoussi@isen-ouest.yncrea.fr'),
(1393, 'penfeunteun', 'sylvia', 'sylvia', 'sylvia.penfeunteun@isen-ouest.yncrea.fr'),
(1394, 'plessis', 'loïc', 'loicp', 'loic.plessis@isen-ouest.yncrea.fr'),
(1395, 'poirier', 'hervé', 'herve', 'herve.poirier@isen-ouest.yncrea.fr'),
(1396, 'sanchez', 'pauline', 'pauline', 'pauline.sanchez@isen-ouest.yncrea.fr'),
(1397, 'ciceron', 'virginie', 'yncrea', 'virginie.ciceron@isen-ouest.yncrea.fr'),
(1398, 'sepehri', 'shima', 'shima', 'shima.sepehri@isen-ouest.yncrea.fr'),
(1399, 'tanguy', 'erwan', 'erwan', 'erwan.tanguy@isen-ouest.yncrea.fr'),
(1400, 'tanguy', 'franky', 'franky', 'franky.tanguy@isen-ouest.yncrea.fr'),
(1401, 'adam', 'thierry', 'thierry', 'thierry.adam@isen-ouest.yncrea.fr'),
(1402, 'borel', 'bertrand', 'bertrand', 'bertrand.borel@isen-ouest.yncrea.fr'),
(1403, 'boucly', 'kévin', 'kevin', 'kevin.boucly@isen-ouest.yncrea.fr'),
(1404, 'corlay', 'morgan', 'morgan', 'morgan.corlay@isen-ouest.yncrea.fr'),
(1405, 'coroller', 'loïc', 'loicc', 'loic.coroller@isen-ouest.yncrea.fr'),
(1406, 'de sousa lustosa silva', 'lucas', 'lucas', 'lucas.de-sousa-lustosa-silva@isen-ouest.yncrea.fr'),
(1407, 'faudeil', 'nathan', 'yncrea', 'nathan.faudeil@isen-ouest.yncrea.fr'),
(1408, 'gavancha cassiano', 'fabio', 'fabio', 'fabio.gavancha-cassiano@isen-ouest.yncrea.fr'),
(1409, 'guichoux', 'quentin', 'quantin', 'quentin.guichoux@isen-ouest.yncrea.fr'),
(1410, 'heller', 'romain', 'romain', 'romain.heller@isen-ouest.yncrea.fr'),
(1411, 'ikheneche', 'nacira', 'nacira', 'nacira.ikheneche@isen-ouest.yncrea.fr'),
(1412, 'lannurien', 'victor', 'victor', 'victor.lannurien@isen-ouest.yncrea.fr'),
(1413, 'laxalde', 'ewen', 'ewen', 'ewen.laxalde@isen-ouest.yncrea.fr'),
(1414, 'le dem', 'maïna', 'maina', 'maina.le-dem@isen-ouest.yncrea.fr'),
(1415, 'lepelley', 'perrine', 'perrine', 'perrine.lepelley@isen-ouest.yncrea.fr'),
(1416, 'le roch', 'gwenn', 'gwenn', 'gwenn.le-roch@isen-ouest.yncrea.fr'),
(1417, 'nafoussi', 'hichem', 'hichem', 'hichem.nafoussi@isen-ouest.yncrea.fr'),
(1418, 'penfeunteun', 'sylvia', 'sylvia', 'sylvia.penfeunteun@isen-ouest.yncrea.fr'),
(1419, 'plessis', 'loïc', 'loicp', 'loic.plessis@isen-ouest.yncrea.fr'),
(1420, 'poirier', 'hervé', 'herve', 'herve.poirier@isen-ouest.yncrea.fr'),
(1421, 'sanchez', 'pauline', 'pauline', 'pauline.sanchez@isen-ouest.yncrea.fr'),
(1422, 'ciceron', 'virginie', 'yncrea', 'virginie.ciceron@isen-ouest.yncrea.fr'),
(1423, 'sepehri', 'shima', 'shima', 'shima.sepehri@isen-ouest.yncrea.fr'),
(1424, 'tanguy', 'erwan', 'erwan', 'erwan.tanguy@isen-ouest.yncrea.fr'),
(1425, 'tanguy', 'franky', 'franky', 'franky.tanguy@isen-ouest.yncrea.fr'),
(1426, 'adam', 'thierry', 'thierry', 'thierry.adam@isen-ouest.yncrea.fr'),
(1427, 'borel', 'bertrand', 'bertrand', 'bertrand.borel@isen-ouest.yncrea.fr'),
(1428, 'boucly', 'kévin', 'kevin', 'kevin.boucly@isen-ouest.yncrea.fr'),
(1429, 'corlay', 'morgan', 'morgan', 'morgan.corlay@isen-ouest.yncrea.fr'),
(1430, 'coroller', 'loïc', 'loicc', 'loic.coroller@isen-ouest.yncrea.fr'),
(1431, 'de sousa lustosa silva', 'lucas', 'lucas', 'lucas.de-sousa-lustosa-silva@isen-ouest.yncrea.fr'),
(1432, 'faudeil', 'nathan', 'yncrea', 'nathan.faudeil@isen-ouest.yncrea.fr'),
(1433, 'gavancha cassiano', 'fabio', 'fabio', 'fabio.gavancha-cassiano@isen-ouest.yncrea.fr'),
(1434, 'guichoux', 'quentin', 'quantin', 'quentin.guichoux@isen-ouest.yncrea.fr'),
(1435, 'heller', 'romain', 'romain', 'romain.heller@isen-ouest.yncrea.fr'),
(1436, 'ikheneche', 'nacira', 'nacira', 'nacira.ikheneche@isen-ouest.yncrea.fr'),
(1437, 'lannurien', 'victor', 'victor', 'victor.lannurien@isen-ouest.yncrea.fr'),
(1438, 'laxalde', 'ewen', 'ewen', 'ewen.laxalde@isen-ouest.yncrea.fr'),
(1439, 'le dem', 'maïna', 'maina', 'maina.le-dem@isen-ouest.yncrea.fr'),
(1440, 'lepelley', 'perrine', 'perrine', 'perrine.lepelley@isen-ouest.yncrea.fr'),
(1441, 'le roch', 'gwenn', 'gwenn', 'gwenn.le-roch@isen-ouest.yncrea.fr'),
(1442, 'nafoussi', 'hichem', 'hichem', 'hichem.nafoussi@isen-ouest.yncrea.fr'),
(1443, 'penfeunteun', 'sylvia', 'sylvia', 'sylvia.penfeunteun@isen-ouest.yncrea.fr'),
(1444, 'plessis', 'loïc', 'loicp', 'loic.plessis@isen-ouest.yncrea.fr'),
(1445, 'poirier', 'hervé', 'herve', 'herve.poirier@isen-ouest.yncrea.fr'),
(1446, 'sanchez', 'pauline', 'pauline', 'pauline.sanchez@isen-ouest.yncrea.fr'),
(1447, 'ciceron', 'virginie', 'yncrea', 'virginie.ciceron@isen-ouest.yncrea.fr'),
(1448, 'sepehri', 'shima', 'shima', 'shima.sepehri@isen-ouest.yncrea.fr'),
(1449, 'tanguy', 'erwan', 'erwan', 'erwan.tanguy@isen-ouest.yncrea.fr'),
(1450, 'tanguy', 'franky', 'franky', 'franky.tanguy@isen-ouest.yncrea.fr'),
(1451, 'adam', 'thierry', 'thierry', 'thierry.adam@isen-ouest.yncrea.fr'),
(1452, 'borel', 'bertrand', 'bertrand', 'bertrand.borel@isen-ouest.yncrea.fr'),
(1453, 'boucly', 'kévin', 'kevin', 'kevin.boucly@isen-ouest.yncrea.fr'),
(1454, 'corlay', 'morgan', 'morgan', 'morgan.corlay@isen-ouest.yncrea.fr'),
(1455, 'coroller', 'loïc', 'loicc', 'loic.coroller@isen-ouest.yncrea.fr'),
(1456, 'de sousa lustosa silva', 'lucas', 'lucas', 'lucas.de-sousa-lustosa-silva@isen-ouest.yncrea.fr'),
(1457, 'faudeil', 'nathan', 'yncrea', 'nathan.faudeil@isen-ouest.yncrea.fr'),
(1458, 'gavancha cassiano', 'fabio', 'fabio', 'fabio.gavancha-cassiano@isen-ouest.yncrea.fr'),
(1459, 'guichoux', 'quentin', 'quantin', 'quentin.guichoux@isen-ouest.yncrea.fr'),
(1460, 'heller', 'romain', 'romain', 'romain.heller@isen-ouest.yncrea.fr'),
(1461, 'ikheneche', 'nacira', 'nacira', 'nacira.ikheneche@isen-ouest.yncrea.fr'),
(1462, 'lannurien', 'victor', 'victor', 'victor.lannurien@isen-ouest.yncrea.fr'),
(1463, 'laxalde', 'ewen', 'ewen', 'ewen.laxalde@isen-ouest.yncrea.fr'),
(1464, 'le dem', 'maïna', 'maina', 'maina.le-dem@isen-ouest.yncrea.fr'),
(1465, 'lepelley', 'perrine', 'perrine', 'perrine.lepelley@isen-ouest.yncrea.fr'),
(1466, 'le roch', 'gwenn', 'gwenn', 'gwenn.le-roch@isen-ouest.yncrea.fr'),
(1467, 'nafoussi', 'hichem', 'hichem', 'hichem.nafoussi@isen-ouest.yncrea.fr'),
(1468, 'penfeunteun', 'sylvia', 'sylvia', 'sylvia.penfeunteun@isen-ouest.yncrea.fr'),
(1469, 'plessis', 'loïc', 'loicp', 'loic.plessis@isen-ouest.yncrea.fr'),
(1470, 'poirier', 'hervé', 'herve', 'herve.poirier@isen-ouest.yncrea.fr'),
(1471, 'sanchez', 'pauline', 'pauline', 'pauline.sanchez@isen-ouest.yncrea.fr'),
(1472, 'ciceron', 'virginie', 'yncrea', 'virginie.ciceron@isen-ouest.yncrea.fr'),
(1473, 'sepehri', 'shima', 'shima', 'shima.sepehri@isen-ouest.yncrea.fr'),
(1474, 'tanguy', 'erwan', 'erwan', 'erwan.tanguy@isen-ouest.yncrea.fr'),
(1475, 'tanguy', 'franky', 'franky', 'franky.tanguy@isen-ouest.yncrea.fr'),
(1476, 'adam', 'thierry', 'thierry', 'thierry.adam@isen-ouest.yncrea.fr'),
(1477, 'borel', 'bertrand', 'bertrand', 'bertrand.borel@isen-ouest.yncrea.fr'),
(1478, 'boucly', 'kévin', 'kevin', 'kevin.boucly@isen-ouest.yncrea.fr'),
(1479, 'corlay', 'morgan', 'morgan', 'morgan.corlay@isen-ouest.yncrea.fr'),
(1480, 'coroller', 'loïc', 'loicc', 'loic.coroller@isen-ouest.yncrea.fr'),
(1481, 'de sousa lustosa silva', 'lucas', 'lucas', 'lucas.de-sousa-lustosa-silva@isen-ouest.yncrea.fr'),
(1482, 'faudeil', 'nathan', 'yncrea', 'nathan.faudeil@isen-ouest.yncrea.fr'),
(1483, 'gavancha cassiano', 'fabio', 'fabio', 'fabio.gavancha-cassiano@isen-ouest.yncrea.fr'),
(1484, 'guichoux', 'quentin', 'quantin', 'quentin.guichoux@isen-ouest.yncrea.fr'),
(1485, 'heller', 'romain', 'romain', 'romain.heller@isen-ouest.yncrea.fr'),
(1486, 'ikheneche', 'nacira', 'nacira', 'nacira.ikheneche@isen-ouest.yncrea.fr'),
(1487, 'lannurien', 'victor', 'victor', 'victor.lannurien@isen-ouest.yncrea.fr'),
(1488, 'laxalde', 'ewen', 'ewen', 'ewen.laxalde@isen-ouest.yncrea.fr'),
(1489, 'le dem', 'maïna', 'maina', 'maina.le-dem@isen-ouest.yncrea.fr'),
(1490, 'lepelley', 'perrine', 'perrine', 'perrine.lepelley@isen-ouest.yncrea.fr'),
(1491, 'le roch', 'gwenn', 'gwenn', 'gwenn.le-roch@isen-ouest.yncrea.fr'),
(1492, 'nafoussi', 'hichem', 'hichem', 'hichem.nafoussi@isen-ouest.yncrea.fr'),
(1493, 'penfeunteun', 'sylvia', 'sylvia', 'sylvia.penfeunteun@isen-ouest.yncrea.fr'),
(1494, 'plessis', 'loïc', 'loicp', 'loic.plessis@isen-ouest.yncrea.fr'),
(1495, 'poirier', 'hervé', 'herve', 'herve.poirier@isen-ouest.yncrea.fr'),
(1496, 'sanchez', 'pauline', 'pauline', 'pauline.sanchez@isen-ouest.yncrea.fr'),
(1497, 'ciceron', 'virginie', 'yncrea', 'virginie.ciceron@isen-ouest.yncrea.fr'),
(1498, 'sepehri', 'shima', 'shima', 'shima.sepehri@isen-ouest.yncrea.fr'),
(1499, 'tanguy', 'erwan', 'erwan', 'erwan.tanguy@isen-ouest.yncrea.fr'),
(1500, 'tanguy', 'franky', 'franky', 'franky.tanguy@isen-ouest.yncrea.fr'),
(1501, 'adam', 'thierry', 'thierry', 'thierry.adam@isen-ouest.yncrea.fr'),
(1502, 'borel', 'bertrand', 'bertrand', 'bertrand.borel@isen-ouest.yncrea.fr'),
(1503, 'boucly', 'kévin', 'kevin', 'kevin.boucly@isen-ouest.yncrea.fr'),
(1504, 'corlay', 'morgan', 'morgan', 'morgan.corlay@isen-ouest.yncrea.fr'),
(1505, 'coroller', 'loïc', 'loicc', 'loic.coroller@isen-ouest.yncrea.fr'),
(1506, 'de sousa lustosa silva', 'lucas', 'lucas', 'lucas.de-sousa-lustosa-silva@isen-ouest.yncrea.fr'),
(1507, 'faudeil', 'nathan', 'yncrea', 'nathan.faudeil@isen-ouest.yncrea.fr'),
(1508, 'gavancha cassiano', 'fabio', 'fabio', 'fabio.gavancha-cassiano@isen-ouest.yncrea.fr'),
(1509, 'guichoux', 'quentin', 'quantin', 'quentin.guichoux@isen-ouest.yncrea.fr'),
(1510, 'heller', 'romain', 'romain', 'romain.heller@isen-ouest.yncrea.fr'),
(1511, 'ikheneche', 'nacira', 'nacira', 'nacira.ikheneche@isen-ouest.yncrea.fr'),
(1512, 'lannurien', 'victor', 'victor', 'victor.lannurien@isen-ouest.yncrea.fr'),
(1513, 'laxalde', 'ewen', 'ewen', 'ewen.laxalde@isen-ouest.yncrea.fr'),
(1514, 'le dem', 'maïna', 'maina', 'maina.le-dem@isen-ouest.yncrea.fr'),
(1515, 'lepelley', 'perrine', 'perrine', 'perrine.lepelley@isen-ouest.yncrea.fr'),
(1516, 'le roch', 'gwenn', 'gwenn', 'gwenn.le-roch@isen-ouest.yncrea.fr'),
(1517, 'nafoussi', 'hichem', 'hichem', 'hichem.nafoussi@isen-ouest.yncrea.fr'),
(1518, 'penfeunteun', 'sylvia', 'sylvia', 'sylvia.penfeunteun@isen-ouest.yncrea.fr'),
(1519, 'plessis', 'loïc', 'loicp', 'loic.plessis@isen-ouest.yncrea.fr'),
(1520, 'poirier', 'hervé', 'herve', 'herve.poirier@isen-ouest.yncrea.fr'),
(1521, 'sanchez', 'pauline', 'pauline', 'pauline.sanchez@isen-ouest.yncrea.fr'),
(1522, 'ciceron', 'virginie', 'yncrea', 'virginie.ciceron@isen-ouest.yncrea.fr'),
(1523, 'sepehri', 'shima', 'shima', 'shima.sepehri@isen-ouest.yncrea.fr'),
(1524, 'tanguy', 'erwan', 'erwan', 'erwan.tanguy@isen-ouest.yncrea.fr'),
(1525, 'tanguy', 'franky', 'franky', 'franky.tanguy@isen-ouest.yncrea.fr'),
(1526, 'adam', 'thierry', 'thierry', 'thierry.adam@isen-ouest.yncrea.fr'),
(1527, 'borel', 'bertrand', 'bertrand', 'bertrand.borel@isen-ouest.yncrea.fr'),
(1528, 'boucly', 'kévin', 'kevin', 'kevin.boucly@isen-ouest.yncrea.fr'),
(1529, 'corlay', 'morgan', 'morgan', 'morgan.corlay@isen-ouest.yncrea.fr'),
(1530, 'coroller', 'loïc', 'loicc', 'loic.coroller@isen-ouest.yncrea.fr'),
(1531, 'de sousa lustosa silva', 'lucas', 'lucas', 'lucas.de-sousa-lustosa-silva@isen-ouest.yncrea.fr'),
(1532, 'faudeil', 'nathan', 'yncrea', 'nathan.faudeil@isen-ouest.yncrea.fr'),
(1533, 'gavancha cassiano', 'fabio', 'fabio', 'fabio.gavancha-cassiano@isen-ouest.yncrea.fr'),
(1534, 'guichoux', 'quentin', 'quantin', 'quentin.guichoux@isen-ouest.yncrea.fr'),
(1535, 'heller', 'romain', 'romain', 'romain.heller@isen-ouest.yncrea.fr'),
(1536, 'ikheneche', 'nacira', 'nacira', 'nacira.ikheneche@isen-ouest.yncrea.fr'),
(1537, 'lannurien', 'victor', 'victor', 'victor.lannurien@isen-ouest.yncrea.fr'),
(1538, 'laxalde', 'ewen', 'ewen', 'ewen.laxalde@isen-ouest.yncrea.fr'),
(1539, 'le dem', 'maïna', 'maina', 'maina.le-dem@isen-ouest.yncrea.fr'),
(1540, 'lepelley', 'perrine', 'perrine', 'perrine.lepelley@isen-ouest.yncrea.fr'),
(1541, 'le roch', 'gwenn', 'gwenn', 'gwenn.le-roch@isen-ouest.yncrea.fr'),
(1542, 'nafoussi', 'hichem', 'hichem', 'hichem.nafoussi@isen-ouest.yncrea.fr'),
(1543, 'penfeunteun', 'sylvia', 'sylvia', 'sylvia.penfeunteun@isen-ouest.yncrea.fr'),
(1544, 'plessis', 'loïc', 'loicp', 'loic.plessis@isen-ouest.yncrea.fr'),
(1545, 'poirier', 'hervé', 'herve', 'herve.poirier@isen-ouest.yncrea.fr'),
(1546, 'sanchez', 'pauline', 'pauline', 'pauline.sanchez@isen-ouest.yncrea.fr'),
(1547, 'ciceron', 'virginie', 'yncrea', 'virginie.ciceron@isen-ouest.yncrea.fr'),
(1548, 'sepehri', 'shima', 'shima', 'shima.sepehri@isen-ouest.yncrea.fr'),
(1549, 'tanguy', 'erwan', 'erwan', 'erwan.tanguy@isen-ouest.yncrea.fr'),
(1550, 'tanguy', 'franky', 'franky', 'franky.tanguy@isen-ouest.yncrea.fr'),
(1551, 'adam', 'thierry', 'thierry', 'thierry.adam@isen-ouest.yncrea.fr'),
(1552, 'borel', 'bertrand', 'bertrand', 'bertrand.borel@isen-ouest.yncrea.fr'),
(1553, 'boucly', 'kévin', 'kevin', 'kevin.boucly@isen-ouest.yncrea.fr'),
(1554, 'corlay', 'morgan', 'morgan', 'morgan.corlay@isen-ouest.yncrea.fr'),
(1555, 'coroller', 'loïc', 'loicc', 'loic.coroller@isen-ouest.yncrea.fr'),
(1556, 'de sousa lustosa silva', 'lucas', 'lucas', 'lucas.de-sousa-lustosa-silva@isen-ouest.yncrea.fr'),
(1557, 'faudeil', 'nathan', 'yncrea', 'nathan.faudeil@isen-ouest.yncrea.fr'),
(1558, 'gavancha cassiano', 'fabio', 'fabio', 'fabio.gavancha-cassiano@isen-ouest.yncrea.fr'),
(1559, 'guichoux', 'quentin', 'quantin', 'quentin.guichoux@isen-ouest.yncrea.fr'),
(1560, 'heller', 'romain', 'romain', 'romain.heller@isen-ouest.yncrea.fr'),
(1561, 'ikheneche', 'nacira', 'nacira', 'nacira.ikheneche@isen-ouest.yncrea.fr'),
(1562, 'lannurien', 'victor', 'victor', 'victor.lannurien@isen-ouest.yncrea.fr'),
(1563, 'laxalde', 'ewen', 'ewen', 'ewen.laxalde@isen-ouest.yncrea.fr'),
(1564, 'le dem', 'maïna', 'maina', 'maina.le-dem@isen-ouest.yncrea.fr'),
(1565, 'lepelley', 'perrine', 'perrine', 'perrine.lepelley@isen-ouest.yncrea.fr'),
(1566, 'le roch', 'gwenn', 'gwenn', 'gwenn.le-roch@isen-ouest.yncrea.fr'),
(1567, 'nafoussi', 'hichem', 'hichem', 'hichem.nafoussi@isen-ouest.yncrea.fr'),
(1568, 'penfeunteun', 'sylvia', 'sylvia', 'sylvia.penfeunteun@isen-ouest.yncrea.fr'),
(1569, 'plessis', 'loïc', 'loicp', 'loic.plessis@isen-ouest.yncrea.fr'),
(1570, 'poirier', 'hervé', 'herve', 'herve.poirier@isen-ouest.yncrea.fr'),
(1571, 'sanchez', 'pauline', 'pauline', 'pauline.sanchez@isen-ouest.yncrea.fr'),
(1572, 'ciceron', 'virginie', 'yncrea', 'virginie.ciceron@isen-ouest.yncrea.fr'),
(1573, 'sepehri', 'shima', 'shima', 'shima.sepehri@isen-ouest.yncrea.fr'),
(1574, 'tanguy', 'erwan', 'erwan', 'erwan.tanguy@isen-ouest.yncrea.fr'),
(1575, 'tanguy', 'franky', 'franky', 'franky.tanguy@isen-ouest.yncrea.fr'),
(1576, 'adam', 'thierry', 'thierry', 'thierry.adam@isen-ouest.yncrea.fr'),
(1577, 'borel', 'bertrand', 'bertrand', 'bertrand.borel@isen-ouest.yncrea.fr'),
(1578, 'boucly', 'kévin', 'kevin', 'kevin.boucly@isen-ouest.yncrea.fr'),
(1579, 'corlay', 'morgan', 'morgan', 'morgan.corlay@isen-ouest.yncrea.fr'),
(1580, 'coroller', 'loïc', 'loicc', 'loic.coroller@isen-ouest.yncrea.fr'),
(1581, 'de sousa lustosa silva', 'lucas', 'lucas', 'lucas.de-sousa-lustosa-silva@isen-ouest.yncrea.fr'),
(1582, 'faudeil', 'nathan', 'yncrea', 'nathan.faudeil@isen-ouest.yncrea.fr'),
(1583, 'gavancha cassiano', 'fabio', 'fabio', 'fabio.gavancha-cassiano@isen-ouest.yncrea.fr'),
(1584, 'guichoux', 'quentin', 'quantin', 'quentin.guichoux@isen-ouest.yncrea.fr'),
(1585, 'heller', 'romain', 'romain', 'romain.heller@isen-ouest.yncrea.fr'),
(1586, 'ikheneche', 'nacira', 'nacira', 'nacira.ikheneche@isen-ouest.yncrea.fr'),
(1587, 'lannurien', 'victor', 'victor', 'victor.lannurien@isen-ouest.yncrea.fr'),
(1588, 'laxalde', 'ewen', 'ewen', 'ewen.laxalde@isen-ouest.yncrea.fr'),
(1589, 'le dem', 'maïna', 'maina', 'maina.le-dem@isen-ouest.yncrea.fr'),
(1590, 'lepelley', 'perrine', 'perrine', 'perrine.lepelley@isen-ouest.yncrea.fr'),
(1591, 'le roch', 'gwenn', 'gwenn', 'gwenn.le-roch@isen-ouest.yncrea.fr'),
(1592, 'nafoussi', 'hichem', 'hichem', 'hichem.nafoussi@isen-ouest.yncrea.fr'),
(1593, 'penfeunteun', 'sylvia', 'sylvia', 'sylvia.penfeunteun@isen-ouest.yncrea.fr'),
(1594, 'plessis', 'loïc', 'loicp', 'loic.plessis@isen-ouest.yncrea.fr'),
(1595, 'poirier', 'hervé', 'herve', 'herve.poirier@isen-ouest.yncrea.fr'),
(1596, 'sanchez', 'pauline', 'pauline', 'pauline.sanchez@isen-ouest.yncrea.fr'),
(1597, 'ciceron', 'virginie', 'yncrea', 'virginie.ciceron@isen-ouest.yncrea.fr'),
(1598, 'sepehri', 'shima', 'shima', 'shima.sepehri@isen-ouest.yncrea.fr'),
(1599, 'tanguy', 'erwan', 'erwan', 'erwan.tanguy@isen-ouest.yncrea.fr'),
(1600, 'tanguy', 'franky', 'franky', 'franky.tanguy@isen-ouest.yncrea.fr'),
(1601, 'adam', 'thierry', 'thierry', 'thierry.adam@isen-ouest.yncrea.fr'),
(1602, 'borel', 'bertrand', 'bertrand', 'bertrand.borel@isen-ouest.yncrea.fr'),
(1603, 'boucly', 'kévin', 'kevin', 'kevin.boucly@isen-ouest.yncrea.fr'),
(1604, 'corlay', 'morgan', 'morgan', 'morgan.corlay@isen-ouest.yncrea.fr'),
(1605, 'coroller', 'loïc', 'loicc', 'loic.coroller@isen-ouest.yncrea.fr'),
(1606, 'de sousa lustosa silva', 'lucas', 'lucas', 'lucas.de-sousa-lustosa-silva@isen-ouest.yncrea.fr'),
(1607, 'faudeil', 'nathan', 'yncrea', 'nathan.faudeil@isen-ouest.yncrea.fr'),
(1608, 'gavancha cassiano', 'fabio', 'fabio', 'fabio.gavancha-cassiano@isen-ouest.yncrea.fr'),
(1609, 'guichoux', 'quentin', 'quantin', 'quentin.guichoux@isen-ouest.yncrea.fr'),
(1610, 'heller', 'romain', 'romain', 'romain.heller@isen-ouest.yncrea.fr'),
(1611, 'ikheneche', 'nacira', 'nacira', 'nacira.ikheneche@isen-ouest.yncrea.fr'),
(1612, 'lannurien', 'victor', 'victor', 'victor.lannurien@isen-ouest.yncrea.fr'),
(1613, 'laxalde', 'ewen', 'ewen', 'ewen.laxalde@isen-ouest.yncrea.fr'),
(1614, 'le dem', 'maïna', 'maina', 'maina.le-dem@isen-ouest.yncrea.fr'),
(1615, 'lepelley', 'perrine', 'perrine', 'perrine.lepelley@isen-ouest.yncrea.fr'),
(1616, 'le roch', 'gwenn', 'gwenn', 'gwenn.le-roch@isen-ouest.yncrea.fr'),
(1617, 'nafoussi', 'hichem', 'hichem', 'hichem.nafoussi@isen-ouest.yncrea.fr'),
(1618, 'penfeunteun', 'sylvia', 'sylvia', 'sylvia.penfeunteun@isen-ouest.yncrea.fr'),
(1619, 'plessis', 'loïc', 'loicp', 'loic.plessis@isen-ouest.yncrea.fr'),
(1620, 'poirier', 'hervé', 'herve', 'herve.poirier@isen-ouest.yncrea.fr'),
(1621, 'sanchez', 'pauline', 'pauline', 'pauline.sanchez@isen-ouest.yncrea.fr'),
(1622, 'ciceron', 'virginie', 'yncrea', 'virginie.ciceron@isen-ouest.yncrea.fr'),
(1623, 'sepehri', 'shima', 'shima', 'shima.sepehri@isen-ouest.yncrea.fr'),
(1624, 'tanguy', 'erwan', 'erwan', 'erwan.tanguy@isen-ouest.yncrea.fr'),
(1625, 'tanguy', 'franky', 'franky', 'franky.tanguy@isen-ouest.yncrea.fr'),
(1626, 'adam', 'thierry', 'thierry', 'thierry.adam@isen-ouest.yncrea.fr'),
(1627, 'borel', 'bertrand', 'bertrand', 'bertrand.borel@isen-ouest.yncrea.fr'),
(1628, 'boucly', 'kévin', 'kevin', 'kevin.boucly@isen-ouest.yncrea.fr'),
(1629, 'corlay', 'morgan', 'morgan', 'morgan.corlay@isen-ouest.yncrea.fr'),
(1630, 'coroller', 'loïc', 'loicc', 'loic.coroller@isen-ouest.yncrea.fr'),
(1631, 'de sousa lustosa silva', 'lucas', 'lucas', 'lucas.de-sousa-lustosa-silva@isen-ouest.yncrea.fr'),
(1632, 'faudeil', 'nathan', 'yncrea', 'nathan.faudeil@isen-ouest.yncrea.fr'),
(1633, 'gavancha cassiano', 'fabio', 'fabio', 'fabio.gavancha-cassiano@isen-ouest.yncrea.fr'),
(1634, 'guichoux', 'quentin', 'quantin', 'quentin.guichoux@isen-ouest.yncrea.fr'),
(1635, 'heller', 'romain', 'romain', 'romain.heller@isen-ouest.yncrea.fr'),
(1636, 'ikheneche', 'nacira', 'nacira', 'nacira.ikheneche@isen-ouest.yncrea.fr'),
(1637, 'lannurien', 'victor', 'victor', 'victor.lannurien@isen-ouest.yncrea.fr'),
(1638, 'laxalde', 'ewen', 'ewen', 'ewen.laxalde@isen-ouest.yncrea.fr'),
(1639, 'le dem', 'maïna', 'maina', 'maina.le-dem@isen-ouest.yncrea.fr'),
(1640, 'lepelley', 'perrine', 'perrine', 'perrine.lepelley@isen-ouest.yncrea.fr'),
(1641, 'le roch', 'gwenn', 'gwenn', 'gwenn.le-roch@isen-ouest.yncrea.fr'),
(1642, 'nafoussi', 'hichem', 'hichem', 'hichem.nafoussi@isen-ouest.yncrea.fr'),
(1643, 'penfeunteun', 'sylvia', 'sylvia', 'sylvia.penfeunteun@isen-ouest.yncrea.fr'),
(1644, 'plessis', 'loïc', 'loicp', 'loic.plessis@isen-ouest.yncrea.fr'),
(1645, 'poirier', 'hervé', 'herve', 'herve.poirier@isen-ouest.yncrea.fr'),
(1646, 'sanchez', 'pauline', 'pauline', 'pauline.sanchez@isen-ouest.yncrea.fr'),
(1647, 'ciceron', 'virginie', 'yncrea', 'virginie.ciceron@isen-ouest.yncrea.fr'),
(1648, 'sepehri', 'shima', 'shima', 'shima.sepehri@isen-ouest.yncrea.fr'),
(1649, 'tanguy', 'erwan', 'erwan', 'erwan.tanguy@isen-ouest.yncrea.fr'),
(1650, 'tanguy', 'franky', 'franky', 'franky.tanguy@isen-ouest.yncrea.fr'),
(1651, 'adam', 'thierry', 'thierry', 'thierry.adam@isen-ouest.yncrea.fr'),
(1652, 'borel', 'bertrand', 'bertrand', 'bertrand.borel@isen-ouest.yncrea.fr'),
(1653, 'boucly', 'kévin', 'kevin', 'kevin.boucly@isen-ouest.yncrea.fr'),
(1654, 'corlay', 'morgan', 'morgan', 'morgan.corlay@isen-ouest.yncrea.fr'),
(1655, 'coroller', 'loïc', 'loicc', 'loic.coroller@isen-ouest.yncrea.fr'),
(1656, 'de sousa lustosa silva', 'lucas', 'lucas', 'lucas.de-sousa-lustosa-silva@isen-ouest.yncrea.fr'),
(1657, 'faudeil', 'nathan', 'yncrea', 'nathan.faudeil@isen-ouest.yncrea.fr'),
(1658, 'gavancha cassiano', 'fabio', 'fabio', 'fabio.gavancha-cassiano@isen-ouest.yncrea.fr'),
(1659, 'guichoux', 'quentin', 'quantin', 'quentin.guichoux@isen-ouest.yncrea.fr'),
(1660, 'heller', 'romain', 'romain', 'romain.heller@isen-ouest.yncrea.fr'),
(1661, 'ikheneche', 'nacira', 'nacira', 'nacira.ikheneche@isen-ouest.yncrea.fr'),
(1662, 'lannurien', 'victor', 'victor', 'victor.lannurien@isen-ouest.yncrea.fr'),
(1663, 'laxalde', 'ewen', 'ewen', 'ewen.laxalde@isen-ouest.yncrea.fr'),
(1664, 'le dem', 'maïna', 'maina', 'maina.le-dem@isen-ouest.yncrea.fr'),
(1665, 'lepelley', 'perrine', 'perrine', 'perrine.lepelley@isen-ouest.yncrea.fr'),
(1666, 'le roch', 'gwenn', 'gwenn', 'gwenn.le-roch@isen-ouest.yncrea.fr'),
(1667, 'nafoussi', 'hichem', 'hichem', 'hichem.nafoussi@isen-ouest.yncrea.fr'),
(1668, 'penfeunteun', 'sylvia', 'sylvia', 'sylvia.penfeunteun@isen-ouest.yncrea.fr'),
(1669, 'plessis', 'loïc', 'loicp', 'loic.plessis@isen-ouest.yncrea.fr'),
(1670, 'poirier', 'hervé', 'herve', 'herve.poirier@isen-ouest.yncrea.fr'),
(1671, 'sanchez', 'pauline', 'pauline', 'pauline.sanchez@isen-ouest.yncrea.fr'),
(1672, 'ciceron', 'virginie', 'yncrea', 'virginie.ciceron@isen-ouest.yncrea.fr'),
(1673, 'sepehri', 'shima', 'shima', 'shima.sepehri@isen-ouest.yncrea.fr'),
(1674, 'tanguy', 'erwan', 'erwan', 'erwan.tanguy@isen-ouest.yncrea.fr'),
(1675, 'tanguy', 'franky', 'franky', 'franky.tanguy@isen-ouest.yncrea.fr'),
(1676, 'adam', 'thierry', 'thierry', 'thierry.adam@isen-ouest.yncrea.fr'),
(1677, 'borel', 'bertrand', 'bertrand', 'bertrand.borel@isen-ouest.yncrea.fr'),
(1678, 'boucly', 'kévin', 'kevin', 'kevin.boucly@isen-ouest.yncrea.fr'),
(1679, 'corlay', 'morgan', 'morgan', 'morgan.corlay@isen-ouest.yncrea.fr'),
(1680, 'coroller', 'loïc', 'loicc', 'loic.coroller@isen-ouest.yncrea.fr'),
(1681, 'de sousa lustosa silva', 'lucas', 'lucas', 'lucas.de-sousa-lustosa-silva@isen-ouest.yncrea.fr'),
(1682, 'faudeil', 'nathan', 'yncrea', 'nathan.faudeil@isen-ouest.yncrea.fr'),
(1683, 'gavancha cassiano', 'fabio', 'fabio', 'fabio.gavancha-cassiano@isen-ouest.yncrea.fr'),
(1684, 'guichoux', 'quentin', 'quantin', 'quentin.guichoux@isen-ouest.yncrea.fr'),
(1685, 'heller', 'romain', 'romain', 'romain.heller@isen-ouest.yncrea.fr'),
(1686, 'ikheneche', 'nacira', 'nacira', 'nacira.ikheneche@isen-ouest.yncrea.fr'),
(1687, 'lannurien', 'victor', 'victor', 'victor.lannurien@isen-ouest.yncrea.fr'),
(1688, 'laxalde', 'ewen', 'ewen', 'ewen.laxalde@isen-ouest.yncrea.fr'),
(1689, 'le dem', 'maïna', 'maina', 'maina.le-dem@isen-ouest.yncrea.fr'),
(1690, 'lepelley', 'perrine', 'perrine', 'perrine.lepelley@isen-ouest.yncrea.fr'),
(1691, 'le roch', 'gwenn', 'gwenn', 'gwenn.le-roch@isen-ouest.yncrea.fr'),
(1692, 'nafoussi', 'hichem', 'hichem', 'hichem.nafoussi@isen-ouest.yncrea.fr'),
(1693, 'penfeunteun', 'sylvia', 'sylvia', 'sylvia.penfeunteun@isen-ouest.yncrea.fr'),
(1694, 'plessis', 'loïc', 'loicp', 'loic.plessis@isen-ouest.yncrea.fr'),
(1695, 'poirier', 'hervé', 'herve', 'herve.poirier@isen-ouest.yncrea.fr'),
(1696, 'sanchez', 'pauline', 'pauline', 'pauline.sanchez@isen-ouest.yncrea.fr'),
(1697, 'ciceron', 'virginie', 'yncrea', 'virginie.ciceron@isen-ouest.yncrea.fr'),
(1698, 'sepehri', 'shima', 'shima', 'shima.sepehri@isen-ouest.yncrea.fr'),
(1699, 'tanguy', 'erwan', 'erwan', 'erwan.tanguy@isen-ouest.yncrea.fr'),
(1700, 'tanguy', 'franky', 'franky', 'franky.tanguy@isen-ouest.yncrea.fr'),
(1701, 'adam', 'thierry', 'thierry', 'thierry.adam@isen-ouest.yncrea.fr'),
(1702, 'borel', 'bertrand', 'bertrand', 'bertrand.borel@isen-ouest.yncrea.fr'),
(1703, 'boucly', 'kévin', 'kevin', 'kevin.boucly@isen-ouest.yncrea.fr'),
(1704, 'corlay', 'morgan', 'morgan', 'morgan.corlay@isen-ouest.yncrea.fr'),
(1705, 'coroller', 'loïc', 'loicc', 'loic.coroller@isen-ouest.yncrea.fr'),
(1706, 'de sousa lustosa silva', 'lucas', 'lucas', 'lucas.de-sousa-lustosa-silva@isen-ouest.yncrea.fr'),
(1707, 'faudeil', 'nathan', 'yncrea', 'nathan.faudeil@isen-ouest.yncrea.fr'),
(1708, 'gavancha cassiano', 'fabio', 'fabio', 'fabio.gavancha-cassiano@isen-ouest.yncrea.fr'),
(1709, 'guichoux', 'quentin', 'quantin', 'quentin.guichoux@isen-ouest.yncrea.fr'),
(1710, 'heller', 'romain', 'romain', 'romain.heller@isen-ouest.yncrea.fr'),
(1711, 'ikheneche', 'nacira', 'nacira', 'nacira.ikheneche@isen-ouest.yncrea.fr'),
(1712, 'lannurien', 'victor', 'victor', 'victor.lannurien@isen-ouest.yncrea.fr'),
(1713, 'laxalde', 'ewen', 'ewen', 'ewen.laxalde@isen-ouest.yncrea.fr'),
(1714, 'le dem', 'maïna', 'maina', 'maina.le-dem@isen-ouest.yncrea.fr'),
(1715, 'lepelley', 'perrine', 'perrine', 'perrine.lepelley@isen-ouest.yncrea.fr'),
(1716, 'le roch', 'gwenn', 'gwenn', 'gwenn.le-roch@isen-ouest.yncrea.fr'),
(1717, 'nafoussi', 'hichem', 'hichem', 'hichem.nafoussi@isen-ouest.yncrea.fr'),
(1718, 'penfeunteun', 'sylvia', 'sylvia', 'sylvia.penfeunteun@isen-ouest.yncrea.fr'),
(1719, 'plessis', 'loïc', 'loicp', 'loic.plessis@isen-ouest.yncrea.fr'),
(1720, 'poirier', 'hervé', 'herve', 'herve.poirier@isen-ouest.yncrea.fr'),
(1721, 'sanchez', 'pauline', 'pauline', 'pauline.sanchez@isen-ouest.yncrea.fr'),
(1722, 'ciceron', 'virginie', 'yncrea', 'virginie.ciceron@isen-ouest.yncrea.fr'),
(1723, 'sepehri', 'shima', 'shima', 'shima.sepehri@isen-ouest.yncrea.fr'),
(1724, 'tanguy', 'erwan', 'erwan', 'erwan.tanguy@isen-ouest.yncrea.fr'),
(1725, 'tanguy', 'franky', 'franky', 'franky.tanguy@isen-ouest.yncrea.fr'),
(1726, 'adam', 'thierry', 'thierry', 'thierry.adam@isen-ouest.yncrea.fr'),
(1727, 'borel', 'bertrand', 'bertrand', 'bertrand.borel@isen-ouest.yncrea.fr'),
(1728, 'boucly', 'kévin', 'kevin', 'kevin.boucly@isen-ouest.yncrea.fr'),
(1729, 'corlay', 'morgan', 'morgan', 'morgan.corlay@isen-ouest.yncrea.fr'),
(1730, 'coroller', 'loïc', 'loicc', 'loic.coroller@isen-ouest.yncrea.fr'),
(1731, 'de sousa lustosa silva', 'lucas', 'lucas', 'lucas.de-sousa-lustosa-silva@isen-ouest.yncrea.fr'),
(1732, 'faudeil', 'nathan', 'yncrea', 'nathan.faudeil@isen-ouest.yncrea.fr'),
(1733, 'gavancha cassiano', 'fabio', 'fabio', 'fabio.gavancha-cassiano@isen-ouest.yncrea.fr'),
(1734, 'guichoux', 'quentin', 'quantin', 'quentin.guichoux@isen-ouest.yncrea.fr'),
(1735, 'heller', 'romain', 'romain', 'romain.heller@isen-ouest.yncrea.fr'),
(1736, 'ikheneche', 'nacira', 'nacira', 'nacira.ikheneche@isen-ouest.yncrea.fr'),
(1737, 'lannurien', 'victor', 'victor', 'victor.lannurien@isen-ouest.yncrea.fr'),
(1738, 'laxalde', 'ewen', 'ewen', 'ewen.laxalde@isen-ouest.yncrea.fr'),
(1739, 'le dem', 'maïna', 'maina', 'maina.le-dem@isen-ouest.yncrea.fr'),
(1740, 'lepelley', 'perrine', 'perrine', 'perrine.lepelley@isen-ouest.yncrea.fr'),
(1741, 'le roch', 'gwenn', 'gwenn', 'gwenn.le-roch@isen-ouest.yncrea.fr'),
(1742, 'nafoussi', 'hichem', 'hichem', 'hichem.nafoussi@isen-ouest.yncrea.fr'),
(1743, 'penfeunteun', 'sylvia', 'sylvia', 'sylvia.penfeunteun@isen-ouest.yncrea.fr'),
(1744, 'plessis', 'loïc', 'loicp', 'loic.plessis@isen-ouest.yncrea.fr'),
(1745, 'poirier', 'hervé', 'herve', 'herve.poirier@isen-ouest.yncrea.fr'),
(1746, 'sanchez', 'pauline', 'pauline', 'pauline.sanchez@isen-ouest.yncrea.fr'),
(1747, 'ciceron', 'virginie', 'yncrea', 'virginie.ciceron@isen-ouest.yncrea.fr'),
(1748, 'sepehri', 'shima', 'shima', 'shima.sepehri@isen-ouest.yncrea.fr'),
(1749, 'tanguy', 'erwan', 'erwan', 'erwan.tanguy@isen-ouest.yncrea.fr'),
(1750, 'tanguy', 'franky', 'franky', 'franky.tanguy@isen-ouest.yncrea.fr'),
(1751, 'adam', 'thierry', 'thierry', 'thierry.adam@isen-ouest.yncrea.fr'),
(1752, 'borel', 'bertrand', 'bertrand', 'bertrand.borel@isen-ouest.yncrea.fr'),
(1753, 'boucly', 'kévin', 'kevin', 'kevin.boucly@isen-ouest.yncrea.fr'),
(1754, 'corlay', 'morgan', 'morgan', 'morgan.corlay@isen-ouest.yncrea.fr'),
(1755, 'coroller', 'loïc', 'loicc', 'loic.coroller@isen-ouest.yncrea.fr'),
(1756, 'de sousa lustosa silva', 'lucas', 'lucas', 'lucas.de-sousa-lustosa-silva@isen-ouest.yncrea.fr'),
(1757, 'faudeil', 'nathan', 'yncrea', 'nathan.faudeil@isen-ouest.yncrea.fr'),
(1758, 'gavancha cassiano', 'fabio', 'fabio', 'fabio.gavancha-cassiano@isen-ouest.yncrea.fr'),
(1759, 'guichoux', 'quentin', 'quantin', 'quentin.guichoux@isen-ouest.yncrea.fr'),
(1760, 'heller', 'romain', 'romain', 'romain.heller@isen-ouest.yncrea.fr'),
(1761, 'ikheneche', 'nacira', 'nacira', 'nacira.ikheneche@isen-ouest.yncrea.fr'),
(1762, 'lannurien', 'victor', 'victor', 'victor.lannurien@isen-ouest.yncrea.fr'),
(1763, 'laxalde', 'ewen', 'ewen', 'ewen.laxalde@isen-ouest.yncrea.fr'),
(1764, 'le dem', 'maïna', 'maina', 'maina.le-dem@isen-ouest.yncrea.fr'),
(1765, 'lepelley', 'perrine', 'perrine', 'perrine.lepelley@isen-ouest.yncrea.fr'),
(1766, 'le roch', 'gwenn', 'gwenn', 'gwenn.le-roch@isen-ouest.yncrea.fr'),
(1767, 'nafoussi', 'hichem', 'hichem', 'hichem.nafoussi@isen-ouest.yncrea.fr'),
(1768, 'penfeunteun', 'sylvia', 'sylvia', 'sylvia.penfeunteun@isen-ouest.yncrea.fr'),
(1769, 'plessis', 'loïc', 'loicp', 'loic.plessis@isen-ouest.yncrea.fr'),
(1770, 'poirier', 'hervé', 'herve', 'herve.poirier@isen-ouest.yncrea.fr'),
(1771, 'sanchez', 'pauline', 'pauline', 'pauline.sanchez@isen-ouest.yncrea.fr'),
(1772, 'ciceron', 'virginie', 'yncrea', 'virginie.ciceron@isen-ouest.yncrea.fr'),
(1773, 'sepehri', 'shima', 'shima', 'shima.sepehri@isen-ouest.yncrea.fr'),
(1774, 'tanguy', 'erwan', 'erwan', 'erwan.tanguy@isen-ouest.yncrea.fr'),
(1775, 'tanguy', 'franky', 'franky', 'franky.tanguy@isen-ouest.yncrea.fr'),
(1776, 'adam', 'thierry', 'thierry', 'thierry.adam@isen-ouest.yncrea.fr'),
(1777, 'borel', 'bertrand', 'bertrand', 'bertrand.borel@isen-ouest.yncrea.fr'),
(1778, 'boucly', 'kévin', 'kevin', 'kevin.boucly@isen-ouest.yncrea.fr'),
(1779, 'corlay', 'morgan', 'morgan', 'morgan.corlay@isen-ouest.yncrea.fr'),
(1780, 'coroller', 'loïc', 'loicc', 'loic.coroller@isen-ouest.yncrea.fr'),
(1781, 'de sousa lustosa silva', 'lucas', 'lucas', 'lucas.de-sousa-lustosa-silva@isen-ouest.yncrea.fr'),
(1782, 'faudeil', 'nathan', 'yncrea', 'nathan.faudeil@isen-ouest.yncrea.fr'),
(1783, 'gavancha cassiano', 'fabio', 'fabio', 'fabio.gavancha-cassiano@isen-ouest.yncrea.fr'),
(1784, 'guichoux', 'quentin', 'quantin', 'quentin.guichoux@isen-ouest.yncrea.fr'),
(1785, 'heller', 'romain', 'romain', 'romain.heller@isen-ouest.yncrea.fr'),
(1786, 'ikheneche', 'nacira', 'nacira', 'nacira.ikheneche@isen-ouest.yncrea.fr'),
(1787, 'lannurien', 'victor', 'victor', 'victor.lannurien@isen-ouest.yncrea.fr'),
(1788, 'laxalde', 'ewen', 'ewen', 'ewen.laxalde@isen-ouest.yncrea.fr'),
(1789, 'le dem', 'maïna', 'maina', 'maina.le-dem@isen-ouest.yncrea.fr'),
(1790, 'lepelley', 'perrine', 'perrine', 'perrine.lepelley@isen-ouest.yncrea.fr'),
(1791, 'le roch', 'gwenn', 'gwenn', 'gwenn.le-roch@isen-ouest.yncrea.fr'),
(1792, 'nafoussi', 'hichem', 'hichem', 'hichem.nafoussi@isen-ouest.yncrea.fr'),
(1793, 'penfeunteun', 'sylvia', 'sylvia', 'sylvia.penfeunteun@isen-ouest.yncrea.fr'),
(1794, 'plessis', 'loïc', 'loicp', 'loic.plessis@isen-ouest.yncrea.fr'),
(1795, 'poirier', 'hervé', 'herve', 'herve.poirier@isen-ouest.yncrea.fr'),
(1796, 'sanchez', 'pauline', 'pauline', 'pauline.sanchez@isen-ouest.yncrea.fr'),
(1797, 'ciceron', 'virginie', 'yncrea', 'virginie.ciceron@isen-ouest.yncrea.fr'),
(1798, 'sepehri', 'shima', 'shima', 'shima.sepehri@isen-ouest.yncrea.fr'),
(1799, 'tanguy', 'erwan', 'erwan', 'erwan.tanguy@isen-ouest.yncrea.fr'),
(1800, 'tanguy', 'franky', 'franky', 'franky.tanguy@isen-ouest.yncrea.fr'),
(1801, 'adam', 'thierry', 'thierry', 'thierry.adam@isen-ouest.yncrea.fr'),
(1802, 'borel', 'bertrand', 'bertrand', 'bertrand.borel@isen-ouest.yncrea.fr'),
(1803, 'boucly', 'kévin', 'kevin', 'kevin.boucly@isen-ouest.yncrea.fr'),
(1804, 'corlay', 'morgan', 'morgan', 'morgan.corlay@isen-ouest.yncrea.fr'),
(1805, 'coroller', 'loïc', 'loicc', 'loic.coroller@isen-ouest.yncrea.fr'),
(1806, 'de sousa lustosa silva', 'lucas', 'lucas', 'lucas.de-sousa-lustosa-silva@isen-ouest.yncrea.fr'),
(1807, 'faudeil', 'nathan', 'yncrea', 'nathan.faudeil@isen-ouest.yncrea.fr'),
(1808, 'gavancha cassiano', 'fabio', 'fabio', 'fabio.gavancha-cassiano@isen-ouest.yncrea.fr'),
(1809, 'guichoux', 'quentin', 'quantin', 'quentin.guichoux@isen-ouest.yncrea.fr'),
(1810, 'heller', 'romain', 'romain', 'romain.heller@isen-ouest.yncrea.fr'),
(1811, 'ikheneche', 'nacira', 'nacira', 'nacira.ikheneche@isen-ouest.yncrea.fr'),
(1812, 'lannurien', 'victor', 'victor', 'victor.lannurien@isen-ouest.yncrea.fr'),
(1813, 'laxalde', 'ewen', 'ewen', 'ewen.laxalde@isen-ouest.yncrea.fr'),
(1814, 'le dem', 'maïna', 'maina', 'maina.le-dem@isen-ouest.yncrea.fr'),
(1815, 'lepelley', 'perrine', 'perrine', 'perrine.lepelley@isen-ouest.yncrea.fr'),
(1816, 'le roch', 'gwenn', 'gwenn', 'gwenn.le-roch@isen-ouest.yncrea.fr'),
(1817, 'nafoussi', 'hichem', 'hichem', 'hichem.nafoussi@isen-ouest.yncrea.fr'),
(1818, 'penfeunteun', 'sylvia', 'sylvia', 'sylvia.penfeunteun@isen-ouest.yncrea.fr'),
(1819, 'plessis', 'loïc', 'loicp', 'loic.plessis@isen-ouest.yncrea.fr'),
(1820, 'poirier', 'hervé', 'herve', 'herve.poirier@isen-ouest.yncrea.fr'),
(1821, 'sanchez', 'pauline', 'pauline', 'pauline.sanchez@isen-ouest.yncrea.fr'),
(1822, 'ciceron', 'virginie', 'yncrea', 'virginie.ciceron@isen-ouest.yncrea.fr'),
(1823, 'sepehri', 'shima', 'shima', 'shima.sepehri@isen-ouest.yncrea.fr'),
(1824, 'tanguy', 'erwan', 'erwan', 'erwan.tanguy@isen-ouest.yncrea.fr'),
(1825, 'tanguy', 'franky', 'franky', 'franky.tanguy@isen-ouest.yncrea.fr'),
(1826, 'adam', 'thierry', 'thierry', 'thierry.adam@isen-ouest.yncrea.fr'),
(1827, 'borel', 'bertrand', 'bertrand', 'bertrand.borel@isen-ouest.yncrea.fr'),
(1828, 'boucly', 'kévin', 'kevin', 'kevin.boucly@isen-ouest.yncrea.fr'),
(1829, 'corlay', 'morgan', 'morgan', 'morgan.corlay@isen-ouest.yncrea.fr'),
(1830, 'coroller', 'loïc', 'loicc', 'loic.coroller@isen-ouest.yncrea.fr'),
(1831, 'de sousa lustosa silva', 'lucas', 'lucas', 'lucas.de-sousa-lustosa-silva@isen-ouest.yncrea.fr'),
(1832, 'faudeil', 'nathan', 'yncrea', 'nathan.faudeil@isen-ouest.yncrea.fr'),
(1833, 'gavancha cassiano', 'fabio', 'fabio', 'fabio.gavancha-cassiano@isen-ouest.yncrea.fr'),
(1834, 'guichoux', 'quentin', 'quantin', 'quentin.guichoux@isen-ouest.yncrea.fr'),
(1835, 'heller', 'romain', 'romain', 'romain.heller@isen-ouest.yncrea.fr'),
(1836, 'ikheneche', 'nacira', 'nacira', 'nacira.ikheneche@isen-ouest.yncrea.fr'),
(1837, 'lannurien', 'victor', 'victor', 'victor.lannurien@isen-ouest.yncrea.fr'),
(1838, 'laxalde', 'ewen', 'ewen', 'ewen.laxalde@isen-ouest.yncrea.fr'),
(1839, 'le dem', 'maïna', 'maina', 'maina.le-dem@isen-ouest.yncrea.fr'),
(1840, 'lepelley', 'perrine', 'perrine', 'perrine.lepelley@isen-ouest.yncrea.fr'),
(1841, 'le roch', 'gwenn', 'gwenn', 'gwenn.le-roch@isen-ouest.yncrea.fr'),
(1842, 'nafoussi', 'hichem', 'hichem', 'hichem.nafoussi@isen-ouest.yncrea.fr'),
(1843, 'penfeunteun', 'sylvia', 'sylvia', 'sylvia.penfeunteun@isen-ouest.yncrea.fr'),
(1844, 'plessis', 'loïc', 'loicp', 'loic.plessis@isen-ouest.yncrea.fr'),
(1845, 'poirier', 'hervé', 'herve', 'herve.poirier@isen-ouest.yncrea.fr'),
(1846, 'sanchez', 'pauline', 'pauline', 'pauline.sanchez@isen-ouest.yncrea.fr'),
(1847, 'ciceron', 'virginie', 'yncrea', 'virginie.ciceron@isen-ouest.yncrea.fr'),
(1848, 'sepehri', 'shima', 'shima', 'shima.sepehri@isen-ouest.yncrea.fr'),
(1849, 'tanguy', 'erwan', 'erwan', 'erwan.tanguy@isen-ouest.yncrea.fr'),
(1850, 'tanguy', 'franky', 'franky', 'franky.tanguy@isen-ouest.yncrea.fr'),
(1851, 'adam', 'thierry', 'thierry', 'thierry.adam@isen-ouest.yncrea.fr'),
(1852, 'borel', 'bertrand', 'bertrand', 'bertrand.borel@isen-ouest.yncrea.fr'),
(1853, 'boucly', 'kévin', 'kevin', 'kevin.boucly@isen-ouest.yncrea.fr'),
(1854, 'corlay', 'morgan', 'morgan', 'morgan.corlay@isen-ouest.yncrea.fr'),
(1855, 'coroller', 'loïc', 'loicc', 'loic.coroller@isen-ouest.yncrea.fr'),
(1856, 'de sousa lustosa silva', 'lucas', 'lucas', 'lucas.de-sousa-lustosa-silva@isen-ouest.yncrea.fr'),
(1857, 'faudeil', 'nathan', 'yncrea', 'nathan.faudeil@isen-ouest.yncrea.fr'),
(1858, 'gavancha cassiano', 'fabio', 'fabio', 'fabio.gavancha-cassiano@isen-ouest.yncrea.fr'),
(1859, 'guichoux', 'quentin', 'quantin', 'quentin.guichoux@isen-ouest.yncrea.fr'),
(1860, 'heller', 'romain', 'romain', 'romain.heller@isen-ouest.yncrea.fr'),
(1861, 'ikheneche', 'nacira', 'nacira', 'nacira.ikheneche@isen-ouest.yncrea.fr'),
(1862, 'lannurien', 'victor', 'victor', 'victor.lannurien@isen-ouest.yncrea.fr'),
(1863, 'laxalde', 'ewen', 'ewen', 'ewen.laxalde@isen-ouest.yncrea.fr'),
(1864, 'le dem', 'maïna', 'maina', 'maina.le-dem@isen-ouest.yncrea.fr'),
(1865, 'lepelley', 'perrine', 'perrine', 'perrine.lepelley@isen-ouest.yncrea.fr'),
(1866, 'le roch', 'gwenn', 'gwenn', 'gwenn.le-roch@isen-ouest.yncrea.fr'),
(1867, 'nafoussi', 'hichem', 'hichem', 'hichem.nafoussi@isen-ouest.yncrea.fr'),
(1868, 'penfeunteun', 'sylvia', 'sylvia', 'sylvia.penfeunteun@isen-ouest.yncrea.fr'),
(1869, 'plessis', 'loïc', 'loicp', 'loic.plessis@isen-ouest.yncrea.fr'),
(1870, 'poirier', 'hervé', 'herve', 'herve.poirier@isen-ouest.yncrea.fr'),
(1871, 'sanchez', 'pauline', 'pauline', 'pauline.sanchez@isen-ouest.yncrea.fr'),
(1872, 'ciceron', 'virginie', 'yncrea', 'virginie.ciceron@isen-ouest.yncrea.fr'),
(1873, 'sepehri', 'shima', 'shima', 'shima.sepehri@isen-ouest.yncrea.fr'),
(1874, 'tanguy', 'erwan', 'erwan', 'erwan.tanguy@isen-ouest.yncrea.fr'),
(1875, 'tanguy', 'franky', 'franky', 'franky.tanguy@isen-ouest.yncrea.fr'),
(1876, 'adam', 'thierry', 'thierry', 'thierry.adam@isen-ouest.yncrea.fr'),
(1877, 'borel', 'bertrand', 'bertrand', 'bertrand.borel@isen-ouest.yncrea.fr'),
(1878, 'boucly', 'kévin', 'kevin', 'kevin.boucly@isen-ouest.yncrea.fr'),
(1879, 'corlay', 'morgan', 'morgan', 'morgan.corlay@isen-ouest.yncrea.fr'),
(1880, 'coroller', 'loïc', 'loicc', 'loic.coroller@isen-ouest.yncrea.fr'),
(1881, 'de sousa lustosa silva', 'lucas', 'lucas', 'lucas.de-sousa-lustosa-silva@isen-ouest.yncrea.fr'),
(1882, 'faudeil', 'nathan', 'yncrea', 'nathan.faudeil@isen-ouest.yncrea.fr'),
(1883, 'gavancha cassiano', 'fabio', 'fabio', 'fabio.gavancha-cassiano@isen-ouest.yncrea.fr'),
(1884, 'guichoux', 'quentin', 'quantin', 'quentin.guichoux@isen-ouest.yncrea.fr'),
(1885, 'heller', 'romain', 'romain', 'romain.heller@isen-ouest.yncrea.fr'),
(1886, 'ikheneche', 'nacira', 'nacira', 'nacira.ikheneche@isen-ouest.yncrea.fr'),
(1887, 'lannurien', 'victor', 'victor', 'victor.lannurien@isen-ouest.yncrea.fr'),
(1888, 'laxalde', 'ewen', 'ewen', 'ewen.laxalde@isen-ouest.yncrea.fr'),
(1889, 'le dem', 'maïna', 'maina', 'maina.le-dem@isen-ouest.yncrea.fr'),
(1890, 'lepelley', 'perrine', 'perrine', 'perrine.lepelley@isen-ouest.yncrea.fr'),
(1891, 'le roch', 'gwenn', 'gwenn', 'gwenn.le-roch@isen-ouest.yncrea.fr'),
(1892, 'nafoussi', 'hichem', 'hichem', 'hichem.nafoussi@isen-ouest.yncrea.fr'),
(1893, 'penfeunteun', 'sylvia', 'sylvia', 'sylvia.penfeunteun@isen-ouest.yncrea.fr'),
(1894, 'plessis', 'loïc', 'loicp', 'loic.plessis@isen-ouest.yncrea.fr'),
(1895, 'poirier', 'hervé', 'herve', 'herve.poirier@isen-ouest.yncrea.fr'),
(1896, 'sanchez', 'pauline', 'pauline', 'pauline.sanchez@isen-ouest.yncrea.fr'),
(1897, 'ciceron', 'virginie', 'yncrea', 'virginie.ciceron@isen-ouest.yncrea.fr'),
(1898, 'sepehri', 'shima', 'shima', 'shima.sepehri@isen-ouest.yncrea.fr'),
(1899, 'tanguy', 'erwan', 'erwan', 'erwan.tanguy@isen-ouest.yncrea.fr'),
(1900, 'tanguy', 'franky', 'franky', 'franky.tanguy@isen-ouest.yncrea.fr'),
(1901, 'adam', 'thierry', 'thierry', 'thierry.adam@isen-ouest.yncrea.fr'),
(1902, 'borel', 'bertrand', 'bertrand', 'bertrand.borel@isen-ouest.yncrea.fr'),
(1903, 'boucly', 'kévin', 'kevin', 'kevin.boucly@isen-ouest.yncrea.fr'),
(1904, 'corlay', 'morgan', 'morgan', 'morgan.corlay@isen-ouest.yncrea.fr'),
(1905, 'coroller', 'loïc', 'loicc', 'loic.coroller@isen-ouest.yncrea.fr'),
(1906, 'de sousa lustosa silva', 'lucas', 'lucas', 'lucas.de-sousa-lustosa-silva@isen-ouest.yncrea.fr'),
(1907, 'faudeil', 'nathan', 'yncrea', 'nathan.faudeil@isen-ouest.yncrea.fr'),
(1908, 'gavancha cassiano', 'fabio', 'fabio', 'fabio.gavancha-cassiano@isen-ouest.yncrea.fr'),
(1909, 'guichoux', 'quentin', 'quantin', 'quentin.guichoux@isen-ouest.yncrea.fr'),
(1910, 'heller', 'romain', 'romain', 'romain.heller@isen-ouest.yncrea.fr'),
(1911, 'ikheneche', 'nacira', 'nacira', 'nacira.ikheneche@isen-ouest.yncrea.fr'),
(1912, 'lannurien', 'victor', 'victor', 'victor.lannurien@isen-ouest.yncrea.fr'),
(1913, 'laxalde', 'ewen', 'ewen', 'ewen.laxalde@isen-ouest.yncrea.fr'),
(1914, 'le dem', 'maïna', 'maina', 'maina.le-dem@isen-ouest.yncrea.fr'),
(1915, 'lepelley', 'perrine', 'perrine', 'perrine.lepelley@isen-ouest.yncrea.fr'),
(1916, 'le roch', 'gwenn', 'gwenn', 'gwenn.le-roch@isen-ouest.yncrea.fr'),
(1917, 'nafoussi', 'hichem', 'hichem', 'hichem.nafoussi@isen-ouest.yncrea.fr'),
(1918, 'penfeunteun', 'sylvia', 'sylvia', 'sylvia.penfeunteun@isen-ouest.yncrea.fr'),
(1919, 'plessis', 'loïc', 'loicp', 'loic.plessis@isen-ouest.yncrea.fr'),
(1920, 'poirier', 'hervé', 'herve', 'herve.poirier@isen-ouest.yncrea.fr'),
(1921, 'sanchez', 'pauline', 'pauline', 'pauline.sanchez@isen-ouest.yncrea.fr'),
(1922, 'ciceron', 'virginie', 'yncrea', 'virginie.ciceron@isen-ouest.yncrea.fr'),
(1923, 'sepehri', 'shima', 'shima', 'shima.sepehri@isen-ouest.yncrea.fr'),
(1924, 'tanguy', 'erwan', 'erwan', 'erwan.tanguy@isen-ouest.yncrea.fr'),
(1925, 'tanguy', 'franky', 'franky', 'franky.tanguy@isen-ouest.yncrea.fr');

-- --------------------------------------------------------

--
-- Structure de la table `statuts`
--

CREATE TABLE `statuts` (
  `id_statut` int NOT NULL,
  `qualification` varchar(50) DEFAULT NULL
) ENGINE=InnoDB DEFAULT CHARSET=utf8mb4 COLLATE=utf8mb4_0900_ai_ci;

--
-- Déchargement des données de la table `statuts`
--

INSERT INTO `statuts` (`id_statut`, `qualification`) VALUES
(1, 'apprenant'),
(2, 'formateur'),
(3, 'chargé de projet');

--
-- Index pour les tables déchargées
--

--
-- Index pour la table `genres`
--
ALTER TABLE `genres`
  ADD PRIMARY KEY (`id_genre`);

--
-- Index pour la table `personnes`
--
ALTER TABLE `personnes`
  ADD PRIMARY KEY (`id_personne`),
  ADD KEY `id_genre` (`id_genre`),
  ADD KEY `id_statut` (`id_statut`);

--
-- Index pour la table `personnes2`
--
ALTER TABLE `personnes2`
  ADD PRIMARY KEY (`id_personne`);

--
-- Index pour la table `statuts`
--
ALTER TABLE `statuts`
  ADD PRIMARY KEY (`id_statut`);

--
-- AUTO_INCREMENT pour les tables déchargées
--

--
-- AUTO_INCREMENT pour la table `genres`
--
ALTER TABLE `genres`
  MODIFY `id_genre` int NOT NULL AUTO_INCREMENT, AUTO_INCREMENT=3;

--
-- AUTO_INCREMENT pour la table `personnes`
--
ALTER TABLE `personnes`
  MODIFY `id_personne` int NOT NULL AUTO_INCREMENT, AUTO_INCREMENT=29;

--
-- AUTO_INCREMENT pour la table `personnes2`
--
ALTER TABLE `personnes2`
  MODIFY `id_personne` int NOT NULL AUTO_INCREMENT, AUTO_INCREMENT=1926;

--
-- AUTO_INCREMENT pour la table `statuts`
--
ALTER TABLE `statuts`
  MODIFY `id_statut` int NOT NULL AUTO_INCREMENT, AUTO_INCREMENT=4;

--
-- Contraintes pour les tables déchargées
--

--
-- Contraintes pour la table `personnes`
--
ALTER TABLE `personnes`
  ADD CONSTRAINT `personnes_ibfk_1` FOREIGN KEY (`id_genre`) REFERENCES `genres` (`id_genre`) ON DELETE RESTRICT ON UPDATE RESTRICT,
  ADD CONSTRAINT `personnes_ibfk_2` FOREIGN KEY (`id_statut`) REFERENCES `statuts` (`id_statut`) ON DELETE RESTRICT ON UPDATE RESTRICT;
COMMIT;

/*!40101 SET CHARACTER_SET_CLIENT=@OLD_CHARACTER_SET_CLIENT */;
/*!40101 SET CHARACTER_SET_RESULTS=@OLD_CHARACTER_SET_RESULTS */;
/*!40101 SET COLLATION_CONNECTION=@OLD_COLLATION_CONNECTION */;
